{
    "config": {
        "data": {
            "cat_policy": "indices",
            "path": "data/vehicleNorm",
            "y_policy": "mean_std"
        },
        "fit": {
            "early_stopping_rounds": 50,
            "verbose": true
        },
        "model": {
            "colsample_bytree": 0.514007408896976,
            "learning_rate": 0.02991570469577435,
            "min_child_samples": 44,
            "min_child_weight": 0.0005612888499599646,
            "n_estimators": 2000,
            "n_jobs": 10,
            "num_leaves": 87,
            "reg_lambda": 0.0,
            "subsample": 0.8526319497749828
        },
        "seed": 0
    },
    "environment": {
        "devices": {
            "CUDA_VISIBLE_DEVICES": "0",
            "torch.version.cuda": "10.1",
            "torch.backends.cudnn.version()": 7603,
            "torch.cuda.nccl.version()": 2708,
            "driver": "455.32.00",
            "0": {
                "name": "Tesla V100-PCIE-16GB",
                "total_memory": 16945512448
            }
        }
    },
    "dataset": "vehicleNorm",
    "algorithm": "lightgbm_",
    "metrics": {
        "train": {
            "0": {
                "precision": 0.8769369912571601,
                "recall": 0.9696,
                "f1-score": 0.9209434858318822,
                "support": 30000
            },
            "1": {
                "precision": 0.9660081997763698,
                "recall": 0.8639333333333333,
                "f1-score": 0.9121238782333274,
                "support": 30000
            },
            "accuracy": 0.9167666666666666,
            "macro avg": {
                "precision": 0.9214725955167649,
                "recall": 0.9167666666666667,
                "f1-score": 0.9165336820326049,
                "support": 60000
            },
            "weighted avg": {
                "precision": 0.921472595516765,
                "recall": 0.9167666666666666,
                "f1-score": 0.9165336820326048,
                "support": 60000
            },
            "roc_auc": 0.9793073327777778,
            "score": 0.9167666666666666
        },
        "val": {
            "0": {
                "precision": 0.8466778556619607,
                "recall": 0.92573402417962,
                "f1-score": 0.8844428402000721,
                "support": 9264
            },
            "1": {
                "precision": 0.9180854863674247,
                "recall": 0.8323618307426598,
                "f1-score": 0.8731246107682726,
                "support": 9264
            },
            "accuracy": 0.8790479274611399,
            "macro avg": {
                "precision": 0.8823816710146928,
                "recall": 0.8790479274611399,
                "f1-score": 0.8787837254841724,
                "support": 18528
            },
            "weighted avg": {
                "precision": 0.8823816710146927,
                "recall": 0.8790479274611399,
                "f1-score": 0.8787837254841725,
                "support": 18528
            },
            "roc_auc": 0.9253387162146038,
            "score": 0.8790479274611399
        },
        "test": {
            "0": {
                "precision": 0.8400436244660547,
                "recall": 0.9243,
                "f1-score": 0.880159977146122,
                "support": 10000
            },
            "1": {
                "precision": 0.9158608425030565,
                "recall": 0.824,
                "f1-score": 0.8675053955887773,
                "support": 10000
            },
            "accuracy": 0.87415,
            "macro avg": {
                "precision": 0.8779522334845556,
                "recall": 0.87415,
                "f1-score": 0.8738326863674497,
                "support": 20000
            },
            "weighted avg": {
                "precision": 0.8779522334845556,
                "recall": 0.87415,
                "f1-score": 0.8738326863674496,
                "support": 20000
            },
            "roc_auc": 0.925184475,
            "score": 0.925184475
        }
    },
    "time": "0:00:08"
}
