{
    "dataset": "nomao",
    "algorithm": "ft_transformer",
    "config": {
        "data": {
            "cat_policy": "indices",
            "normalization": "quantile",
            "path": "data/nomao"
        },
        "model": {
            "activation": "reglu",
            "attention_dropout": 0.1626716818652701,
            "d_ffn_factor": 1.845241078904277,
            "d_token": 96,
            "ffn_dropout": 0.06559127961509764,
            "initialization": "kaiming",
            "n_heads": 8,
            "n_layers": 4,
            "prenormalization": true,
            "residual_dropout": 0.0
        },
        "seed": 1,
        "training": {
            "batch_size": 256,
            "eval_batch_size": 8192,
            "lr": 0.0001844643568489571,
            "n_epochs": 1000000000,
            "optimizer": "adamw",
            "patience": 16,
            "weight_decay": 2.942391900026969e-06
        }
    },
    "environment": {
        "devices": {
            "CUDA_VISIBLE_DEVICES": "1,0,3",
            "torch.version.cuda": "10.1",
            "torch.backends.cudnn.version()": 7603,
            "torch.cuda.nccl.version()": 2708,
            "driver": "455.32.00",
            "1": {
                "name": "Tesla V100-PCIE-16GB",
                "total_memory": 16945512448
            },
            "0": {
                "name": "Tesla V100-PCIE-16GB",
                "total_memory": 16945512448
            },
            "3": {
                "name": "Tesla V100-PCIE-16GB",
                "total_memory": 16945512448
            }
        }
    },
    "epoch_size": 88,
    "n_parameters": 384457,
    "best_epoch": 38,
    "metrics": {
        "train": {
            "0": {
                "precision": 0.951076923076923,
                "recall": 0.9635286783042394,
                "f1-score": 0.9572623103127902,
                "support": 6416
            },
            "1": {
                "precision": 0.9853429376761667,
                "recall": 0.980185681350863,
                "f1-score": 0.9827575435746861,
                "support": 16049
            },
            "accuracy": 0.9754284442466058,
            "macro avg": {
                "precision": 0.9682099303765448,
                "recall": 0.9718571798275513,
                "f1-score": 0.9700099269437381,
                "support": 22465
            },
            "weighted avg": {
                "precision": 0.9755565700078495,
                "recall": 0.9754284442466058,
                "f1-score": 0.975476109494636,
                "support": 22465
            },
            "roc_auc": 0.9971592414378101,
            "score": 0.9971592414378101
        },
        "val": {
            "0": {
                "precision": 0.9360967184801382,
                "recall": 0.9486581096849475,
                "f1-score": 0.9423355549116198,
                "support": 1714
            },
            "1": {
                "precision": 0.9793572601454374,
                "recall": 0.9741017265515632,
                "f1-score": 0.9767224236752836,
                "support": 4286
            },
            "accuracy": 0.9668333333333333,
            "macro avg": {
                "precision": 0.9577269893127878,
                "recall": 0.9613799181182554,
                "f1-score": 0.9595289892934518,
                "support": 6000
            },
            "weighted avg": {
                "precision": 0.966999165409717,
                "recall": 0.9668333333333333,
                "f1-score": 0.9668992414984636,
                "support": 6000
            },
            "roc_auc": 0.9939585805131467,
            "score": 0.9939585805131467
        },
        "test": {
            "0": {
                "precision": 0.9348458406050029,
                "recall": 0.9375729288214703,
                "f1-score": 0.9362073987765802,
                "support": 1714
            },
            "1": {
                "precision": 0.9750058397570661,
                "recall": 0.9738684087727485,
                "f1-score": 0.9744367923427104,
                "support": 4286
            },
            "accuracy": 0.9635,
            "macro avg": {
                "precision": 0.9549258401810345,
                "recall": 0.9557206687971094,
                "f1-score": 0.9553220955596453,
                "support": 6000
            },
            "weighted avg": {
                "precision": 0.9635334666659601,
                "recall": 0.9635,
                "f1-score": 0.9635159289139859,
                "support": 6000
            },
            "roc_auc": 0.9940665954825105,
            "score": 0.9940665954825105
        }
    },
    "time": "0:04:56"
}
