{
    "dataset": "diabetes",
    "algorithm": "ft_transformer",
    "config": {
        "data": {
            "normalization": "quantile",
            "path": "data/diabetes"
        },
        "model": {
            "activation": "reglu",
            "attention_dropout": 0.1438936562150713,
            "d_ffn_factor": 1.440042303813482,
            "d_token": 240,
            "ffn_dropout": 0.00888673617279813,
            "initialization": "kaiming",
            "n_heads": 8,
            "n_layers": 3,
            "prenormalization": true,
            "residual_dropout": 0.02689855920626202
        },
        "seed": 6,
        "training": {
            "batch_size": 512,
            "eval_batch_size": 8192,
            "lr": 3.016356975543347e-05,
            "n_epochs": 1000000000,
            "optimizer": "adamw",
            "patience": 16,
            "weight_decay": 1.767979803602082e-05
        }
    },
    "environment": {
        "devices": {
            "CUDA_VISIBLE_DEVICES": "2,3",
            "torch.version.cuda": "10.1",
            "torch.backends.cudnn.version()": 7603,
            "torch.cuda.nccl.version()": 2708,
            "driver": "455.32.00",
            "2": {
                "name": "Tesla V100-PCIE-16GB",
                "total_memory": 16945512448
            },
            "3": {
                "name": "Tesla V100-PCIE-16GB",
                "total_memory": 16945512448
            }
        }
    },
    "epoch_size": 128,
    "n_parameters": 2012551,
    "best_epoch": 12,
    "metrics": {
        "train": {
            "0": {
                "precision": 0.7111501814882033,
                "recall": 0.7145747257444081,
                "f1-score": 0.7128583407950653,
                "support": 35095
            },
            "1": {
                "precision": 0.6645906579608237,
                "recall": 0.6608510354931079,
                "f1-score": 0.6627155712115395,
                "support": 30034
            },
            "accuracy": 0.6898002425954644,
            "macro avg": {
                "precision": 0.6878704197245136,
                "recall": 0.687712880618758,
                "f1-score": 0.6877869560033023,
                "support": 65129
            },
            "weighted avg": {
                "precision": 0.689679427605581,
                "recall": 0.6898002425954644,
                "f1-score": 0.6897351861071134,
                "support": 65129
            },
            "roc_auc": 0.7585257319094968,
            "score": 0.7585257319094968
        },
        "val": {
            "0": {
                "precision": 0.6885974914481185,
                "recall": 0.6920696768278707,
                "f1-score": 0.6903292181069958,
                "support": 8726
            },
            "1": {
                "precision": 0.6423532543591108,
                "recall": 0.6386132062987958,
                "f1-score": 0.6404777704047776,
                "support": 7557
            },
            "accuracy": 0.6672603328624946,
            "macro avg": {
                "precision": 0.6654753729036147,
                "recall": 0.6653414415633332,
                "f1-score": 0.6654034942558866,
                "support": 16283
            },
            "weighted avg": {
                "precision": 0.6671353714652143,
                "recall": 0.6672603328624946,
                "f1-score": 0.6671929784530215,
                "support": 16283
            },
            "roc_auc": 0.7279932198991538,
            "score": 0.7279932198991538
        },
        "test": {
            "0": {
                "precision": 0.6921062138728323,
                "recall": 0.6939237526034592,
                "f1-score": 0.6930137915442006,
                "support": 11043
            },
            "1": {
                "precision": 0.6358543417366946,
                "recall": 0.6338739125765224,
                "f1-score": 0.6348625826924111,
                "support": 9311
            },
            "accuracy": 0.6664537683010711,
            "macro avg": {
                "precision": 0.6639802778047634,
                "recall": 0.6638988325899908,
                "f1-score": 0.6639381871183059,
                "support": 20354
            },
            "weighted avg": {
                "precision": 0.6663736216816376,
                "recall": 0.6664537683010711,
                "f1-score": 0.6664123419215705,
                "support": 20354
            },
            "roc_auc": 0.7268557384465193,
            "score": 0.7268557384465193
        }
    },
    "time": "0:03:50"
}
