{
    "config": {
        "data": {
            "cat_policy": "indices",
            "path": "data/nomao",
            "y_policy": "mean_std"
        },
        "fit": {
            "early_stopping_rounds": 50,
            "verbose": true
        },
        "model": {
            "colsample_bytree": 0.8049146089492032,
            "learning_rate": 0.0369702442162517,
            "min_child_samples": 78,
            "min_child_weight": 0.01342525377980585,
            "n_estimators": 2000,
            "n_jobs": 20,
            "num_leaves": 73,
            "reg_lambda": 0.0,
            "subsample": 0.5899126531544889
        },
        "seed": 4
    },
    "environment": {
        "devices": {
            "CUDA_VISIBLE_DEVICES": "1,0,3",
            "torch.version.cuda": "10.1",
            "torch.backends.cudnn.version()": 7603,
            "torch.cuda.nccl.version()": 2708,
            "driver": "455.32.00",
            "1": {
                "name": "Tesla V100-PCIE-16GB",
                "total_memory": 16945512448
            },
            "0": {
                "name": "Tesla V100-PCIE-16GB",
                "total_memory": 16945512448
            },
            "3": {
                "name": "Tesla V100-PCIE-16GB",
                "total_memory": 16945512448
            }
        }
    },
    "dataset": "nomao",
    "algorithm": "lightgbm_",
    "metrics": {
        "train": {
            "0": {
                "precision": 0.9993765586034913,
                "recall": 0.9993765586034913,
                "f1-score": 0.9993765586034913,
                "support": 6416
            },
            "1": {
                "precision": 0.9997507632874323,
                "recall": 0.9997507632874323,
                "f1-score": 0.9997507632874323,
                "support": 16049
            },
            "accuracy": 0.9996438904963276,
            "macro avg": {
                "precision": 0.9995636609454618,
                "recall": 0.9995636609454618,
                "f1-score": 0.9995636609454618,
                "support": 22465
            },
            "weighted avg": {
                "precision": 0.9996438904963276,
                "recall": 0.9996438904963276,
                "f1-score": 0.9996438904963276,
                "support": 22465
            },
            "roc_auc": 0.9999963096185016,
            "score": 0.9999963096185016
        },
        "val": {
            "0": {
                "precision": 0.9571596244131455,
                "recall": 0.9515752625437572,
                "f1-score": 0.954359274429491,
                "support": 1714
            },
            "1": {
                "precision": 0.9806797020484171,
                "recall": 0.9829678021465236,
                "f1-score": 0.9818224190165462,
                "support": 4286
            },
            "accuracy": 0.974,
            "macro avg": {
                "precision": 0.9689196632307813,
                "recall": 0.9672715323451404,
                "f1-score": 0.9680908467230186,
                "support": 6000
            },
            "weighted avg": {
                "precision": 0.9739607998706078,
                "recall": 0.974,
                "f1-score": 0.9739771140461774,
                "support": 6000
            },
            "roc_auc": 0.9962959101054095,
            "score": 0.9962959101054095
        },
        "test": {
            "0": {
                "precision": 0.9564449676280165,
                "recall": 0.9480746791131855,
                "f1-score": 0.9522414298271316,
                "support": 1714
            },
            "1": {
                "precision": 0.9793071378749129,
                "recall": 0.9827344843677088,
                "f1-score": 0.9810178176313031,
                "support": 4286
            },
            "accuracy": 0.9728333333333333,
            "macro avg": {
                "precision": 0.9678760527514647,
                "recall": 0.9654045817404472,
                "f1-score": 0.9666296237292173,
                "support": 6000
            },
            "weighted avg": {
                "precision": 0.9727761779077161,
                "recall": 0.9728333333333333,
                "f1-score": 0.9727973628485781,
                "support": 6000
            },
            "roc_auc": 0.9959181639932679,
            "score": 0.9959181639932679
        }
    },
    "time": "0:00:21"
}
