{
    "dataset": "nomao",
    "algorithm": "ft_transformer",
    "config": {
        "data": {
            "cat_policy": "indices",
            "normalization": "quantile",
            "path": "data/nomao"
        },
        "model": {
            "activation": "reglu",
            "attention_dropout": 0.1626716818652701,
            "d_ffn_factor": 1.845241078904277,
            "d_token": 96,
            "ffn_dropout": 0.06559127961509764,
            "initialization": "kaiming",
            "n_heads": 8,
            "n_layers": 4,
            "prenormalization": true,
            "residual_dropout": 0.0
        },
        "seed": 8,
        "training": {
            "batch_size": 256,
            "eval_batch_size": 8192,
            "lr": 0.0001844643568489571,
            "n_epochs": 1000000000,
            "optimizer": "adamw",
            "patience": 16,
            "weight_decay": 2.942391900026969e-06
        }
    },
    "environment": {
        "devices": {
            "CUDA_VISIBLE_DEVICES": "1,0,3",
            "torch.version.cuda": "10.1",
            "torch.backends.cudnn.version()": 7603,
            "torch.cuda.nccl.version()": 2708,
            "driver": "455.32.00",
            "1": {
                "name": "Tesla V100-PCIE-16GB",
                "total_memory": 16945512448
            },
            "0": {
                "name": "Tesla V100-PCIE-16GB",
                "total_memory": 16945512448
            },
            "3": {
                "name": "Tesla V100-PCIE-16GB",
                "total_memory": 16945512448
            }
        }
    },
    "epoch_size": 88,
    "n_parameters": 384457,
    "best_epoch": 29,
    "metrics": {
        "train": {
            "0": {
                "precision": 0.9512956603184515,
                "recall": 0.9498129675810474,
                "f1-score": 0.9505537357666511,
                "support": 6416
            },
            "1": {
                "precision": 0.9799489382900555,
                "recall": 0.9805595364197146,
                "f1-score": 0.9802541422698393,
                "support": 16049
            },
            "accuracy": 0.971778321833964,
            "macro avg": {
                "precision": 0.9656222993042535,
                "recall": 0.965186252000381,
                "f1-score": 0.9654039390182452,
                "support": 22465
            },
            "weighted avg": {
                "precision": 0.9717655672032176,
                "recall": 0.971778321833964,
                "f1-score": 0.9717717114608272,
                "support": 22465
            },
            "roc_auc": 0.9957095673256885,
            "score": 0.9957095673256885
        },
        "val": {
            "0": {
                "precision": 0.9353899883585565,
                "recall": 0.9375729288214703,
                "f1-score": 0.9364801864801865,
                "support": 1714
            },
            "1": {
                "precision": 0.9750116767865483,
                "recall": 0.9741017265515632,
                "f1-score": 0.9745564892623717,
                "support": 4286
            },
            "accuracy": 0.9636666666666667,
            "macro avg": {
                "precision": 0.9552008325725524,
                "recall": 0.9558373276865167,
                "f1-score": 0.955518337871279,
                "support": 6000
            },
            "weighted avg": {
                "precision": 0.9636930811256187,
                "recall": 0.9636666666666667,
                "f1-score": 0.9636793587675941,
                "support": 6000
            },
            "roc_auc": 0.99326203029483,
            "score": 0.99326203029483
        },
        "test": {
            "0": {
                "precision": 0.9359953024075162,
                "recall": 0.9299883313885647,
                "f1-score": 0.9329821480831137,
                "support": 1714
            },
            "1": {
                "precision": 0.9720735396788457,
                "recall": 0.9745683621091927,
                "f1-score": 0.9733193522078526,
                "support": 4286
            },
            "accuracy": 0.9618333333333333,
            "macro avg": {
                "precision": 0.9540344210431809,
                "recall": 0.9522783467488787,
                "f1-score": 0.9531507501454832,
                "support": 6000
            },
            "weighted avg": {
                "precision": 0.961767189898336,
                "recall": 0.9618333333333333,
                "f1-score": 0.9617963575628855,
                "support": 6000
            },
            "roc_auc": 0.9931938318075567,
            "score": 0.9931938318075567
        }
    },
    "time": "0:03:32"
}
