{
    "config": {
        "data": {
            "cat_policy": "indices",
            "path": "data/nomao",
            "y_policy": "mean_std"
        },
        "fit": {
            "early_stopping_rounds": 50,
            "verbose": true
        },
        "model": {
            "colsample_bytree": 0.8049146089492032,
            "learning_rate": 0.0369702442162517,
            "min_child_samples": 78,
            "min_child_weight": 0.01342525377980585,
            "n_estimators": 2000,
            "n_jobs": 20,
            "num_leaves": 73,
            "reg_lambda": 0.0,
            "subsample": 0.5899126531544889
        },
        "seed": 1
    },
    "environment": {
        "devices": {
            "CUDA_VISIBLE_DEVICES": "1,0,3",
            "torch.version.cuda": "10.1",
            "torch.backends.cudnn.version()": 7603,
            "torch.cuda.nccl.version()": 2708,
            "driver": "455.32.00",
            "1": {
                "name": "Tesla V100-PCIE-16GB",
                "total_memory": 16945512448
            },
            "0": {
                "name": "Tesla V100-PCIE-16GB",
                "total_memory": 16945512448
            },
            "3": {
                "name": "Tesla V100-PCIE-16GB",
                "total_memory": 16945512448
            }
        }
    },
    "dataset": "nomao",
    "algorithm": "lightgbm_",
    "metrics": {
        "train": {
            "0": {
                "precision": 0.9961113703530876,
                "recall": 0.9981296758104738,
                "f1-score": 0.9971195017516544,
                "support": 6416
            },
            "1": {
                "precision": 0.9992516837116487,
                "recall": 0.9984422705464515,
                "f1-score": 0.9988468131525635,
                "support": 16049
            },
            "accuracy": 0.9983529935455152,
            "macro avg": {
                "precision": 0.9976815270323682,
                "recall": 0.9982859731784627,
                "f1-score": 0.997983157452109,
                "support": 22465
            },
            "weighted avg": {
                "precision": 0.9983548107755914,
                "recall": 0.9983529935455152,
                "f1-score": 0.9983534933240199,
                "support": 22465
            },
            "roc_auc": 0.9999719725236724,
            "score": 0.9999719725236724
        },
        "val": {
            "0": {
                "precision": 0.96047197640118,
                "recall": 0.9498249708284714,
                "f1-score": 0.9551188031680845,
                "support": 1714
            },
            "1": {
                "precision": 0.9800232288037166,
                "recall": 0.984367708819412,
                "f1-score": 0.9821906646490512,
                "support": 4286
            },
            "accuracy": 0.9745,
            "macro avg": {
                "precision": 0.9702476026024482,
                "recall": 0.9670963398239417,
                "f1-score": 0.9686547339085678,
                "support": 6000
            },
            "weighted avg": {
                "precision": 0.9744380877007254,
                "recall": 0.9745,
                "f1-score": 0.9744571362193217,
                "support": 6000
            },
            "roc_auc": 0.9961047909913745,
            "score": 0.9961047909913745
        },
        "test": {
            "0": {
                "precision": 0.9551622418879055,
                "recall": 0.9445740956826137,
                "f1-score": 0.9498386623643296,
                "support": 1714
            },
            "1": {
                "precision": 0.9779326364692218,
                "recall": 0.9822678488100793,
                "f1-score": 0.9800954487254103,
                "support": 4286
            },
            "accuracy": 0.9715,
            "macro avg": {
                "precision": 0.9665474391785637,
                "recall": 0.9634209722463465,
                "f1-score": 0.96496705554487,
                "support": 6000
            },
            "weighted avg": {
                "precision": 0.9714278937504923,
                "recall": 0.9715,
                "f1-score": 0.9714520934215949,
                "support": 6000
            },
            "roc_auc": 0.9958412535235885,
            "score": 0.9958412535235885
        }
    },
    "time": "0:00:14"
}
