{
    "config": {
        "data": {
            "cat_policy": "indices",
            "path": "data/covtype",
            "y_policy": "mean_std"
        },
        "fit": {
            "early_stopping_rounds": 50,
            "verbose": true
        },
        "model": {
            "colsample_bytree": 0.9259100580938232,
            "learning_rate": 0.07940858605663946,
            "min_child_samples": 16,
            "min_child_weight": 0.03503696211434491,
            "n_estimators": 2000,
            "n_jobs": 20,
            "num_leaves": 94,
            "reg_lambda": 0.002949428929598693,
            "subsample": 0.792700425467908
        },
        "seed": 3
    },
    "environment": {
        "devices": {
            "CUDA_VISIBLE_DEVICES": "1,0,3",
            "torch.version.cuda": "10.2",
            "torch.backends.cudnn.version()": 7605,
            "torch.cuda.nccl.version()": [
                2,
                10,
                3
            ],
            "driver": "455.32.00",
            "1": {
                "name": "Tesla V100-PCIE-16GB",
                "total_memory": 16945512448
            },
            "0": {
                "name": "Tesla V100-PCIE-16GB",
                "total_memory": 16945512448
            },
            "3": {
                "name": "Tesla V100-PCIE-16GB",
                "total_memory": 16945512448
            }
        }
    },
    "dataset": "covtype",
    "algorithm": "lightgbm_",
    "metrics": {
        "train": {
            "0": {
                "precision": 0.9976925124988907,
                "recall": 0.994999188658927,
                "f1-score": 0.996344030429484,
                "support": 135578
            },
            "1": {
                "precision": 0.9962736064554126,
                "recall": 0.9982792093187434,
                "f1-score": 0.9972753995300134,
                "support": 181312
            },
            "2": {
                "precision": 1.0,
                "recall": 1.0,
                "f1-score": 1.0,
                "support": 22882
            },
            "3": {
                "precision": 1.0,
                "recall": 1.0,
                "f1-score": 1.0,
                "support": 1759
            },
            "4": {
                "precision": 1.0,
                "recall": 1.0,
                "f1-score": 1.0,
                "support": 6075
            },
            "5": {
                "precision": 1.0,
                "recall": 1.0,
                "f1-score": 1.0,
                "support": 11115
            },
            "6": {
                "precision": 0.9999238211320179,
                "recall": 1.0,
                "f1-score": 0.9999619091151488,
                "support": 13126
            },
            "accuracy": 0.9973376146640958,
            "macro avg": {
                "precision": 0.9991271342980459,
                "recall": 0.9990397711396672,
                "f1-score": 0.9990830484392352,
                "support": 371847
            },
            "weighted avg": {
                "precision": 0.9973390014425214,
                "recall": 0.9973376146640958,
                "f1-score": 0.997337152689681,
                "support": 371847
            },
            "score": 0.9973376146640958
        },
        "val": {
            "0": {
                "precision": 0.9708271125709167,
                "recall": 0.9592553254263292,
                "f1-score": 0.9650065297399977,
                "support": 33894
            },
            "1": {
                "precision": 0.9655315252463591,
                "recall": 0.9770340628309213,
                "f1-score": 0.9712487389797799,
                "support": 45328
            },
            "2": {
                "precision": 0.9619179504933356,
                "recall": 0.9713336829225659,
                "f1-score": 0.9666028874586885,
                "support": 5721
            },
            "3": {
                "precision": 0.9124087591240876,
                "recall": 0.8542141230068337,
                "f1-score": 0.8823529411764707,
                "support": 439
            },
            "4": {
                "precision": 0.9388615600843289,
                "recall": 0.879526003949967,
                "f1-score": 0.9082256968048946,
                "support": 1519
            },
            "5": {
                "precision": 0.9537172011661808,
                "recall": 0.9417056495142138,
                "f1-score": 0.9476733659243165,
                "support": 2779
            },
            "6": {
                "precision": 0.9763004001231148,
                "recall": 0.9664838513101767,
                "f1-score": 0.9713673250650742,
                "support": 3282
            },
            "accuracy": 0.9665992556098191,
            "macro avg": {
                "precision": 0.9542235012583318,
                "recall": 0.9356503855658582,
                "f1-score": 0.9446396407356031,
                "support": 92962
            },
            "weighted avg": {
                "precision": 0.96658027898374,
                "recall": 0.9665992556098191,
                "f1-score": 0.9665367451004117,
                "support": 92962
            },
            "score": 0.9665992556098191
        },
        "test": {
            "0": {
                "precision": 0.9709310657813023,
                "recall": 0.9594269259818731,
                "f1-score": 0.9651447159104399,
                "support": 42368
            },
            "1": {
                "precision": 0.9646554428526612,
                "recall": 0.9768623921215651,
                "f1-score": 0.970720542972141,
                "support": 56661
            },
            "2": {
                "precision": 0.9616130820399114,
                "recall": 0.9703537966717941,
                "f1-score": 0.9659636667362707,
                "support": 7151
            },
            "3": {
                "precision": 0.9037328094302554,
                "recall": 0.8378870673952641,
                "f1-score": 0.8695652173913043,
                "support": 549
            },
            "4": {
                "precision": 0.9314516129032258,
                "recall": 0.8515007898894155,
                "f1-score": 0.8896836313617607,
                "support": 1899
            },
            "5": {
                "precision": 0.9457184325108854,
                "recall": 0.9380938669737978,
                "f1-score": 0.9418907198612316,
                "support": 3473
            },
            "6": {
                "precision": 0.9782876881322478,
                "recall": 0.9666016577279376,
                "f1-score": 0.9724095646842429,
                "support": 4102
            },
            "accuracy": 0.9658786778310371,
            "macro avg": {
                "precision": 0.9509128762357841,
                "recall": 0.9286752138230926,
                "f1-score": 0.9393397227024846,
                "support": 116203
            },
            "weighted avg": {
                "precision": 0.96584112914704,
                "recall": 0.9658786778310371,
                "f1-score": 0.9657906010566485,
                "support": 116203
            },
            "score": 0.9658786778310371
        }
    },
    "time": "0:02:00"
}
