{
    "dataset": "vehicleNorm",
    "algorithm": "ft_transformer",
    "config": {
        "data": {
            "cat_policy": "indices",
            "normalization": "quantile",
            "path": "data/vehicleNorm"
        },
        "model": {
            "activation": "reglu",
            "attention_dropout": 0.4196916057583969,
            "d_ffn_factor": 2.509054785477425,
            "d_token": 144,
            "ffn_dropout": 0.1764610276920801,
            "initialization": "kaiming",
            "n_heads": 8,
            "n_layers": 2,
            "prenormalization": true,
            "residual_dropout": 0.0
        },
        "seed": 6,
        "training": {
            "batch_size": 256,
            "eval_batch_size": 8192,
            "lr": 3.201968805382119e-05,
            "n_epochs": 1000000000,
            "optimizer": "adamw",
            "patience": 16,
            "weight_decay": 1.183332535426216e-05
        }
    },
    "environment": {
        "devices": {
            "CUDA_VISIBLE_DEVICES": "1,0,3",
            "torch.version.cuda": "10.1",
            "torch.backends.cudnn.version()": 7603,
            "torch.cuda.nccl.version()": 2708,
            "driver": "455.32.00",
            "1": {
                "name": "Tesla V100-PCIE-16GB",
                "total_memory": 16945512448
            },
            "0": {
                "name": "Tesla V100-PCIE-16GB",
                "total_memory": 16945512448
            },
            "3": {
                "name": "Tesla V100-PCIE-16GB",
                "total_memory": 16945512448
            }
        }
    },
    "epoch_size": 235,
    "n_parameters": 510917,
    "best_epoch": 64,
    "metrics": {
        "train": {
            "0": {
                "precision": 0.8497749040698552,
                "recall": 0.9375,
                "f1-score": 0.8914845396770052,
                "support": 30000
            },
            "1": {
                "precision": 0.9303051704270899,
                "recall": 0.8342666666666667,
                "f1-score": 0.8796724250039542,
                "support": 30000
            },
            "accuracy": 0.8858833333333334,
            "macro avg": {
                "precision": 0.8900400372484726,
                "recall": 0.8858833333333334,
                "f1-score": 0.8855784823404798,
                "support": 60000
            },
            "weighted avg": {
                "precision": 0.8900400372484726,
                "recall": 0.8858833333333334,
                "f1-score": 0.8855784823404798,
                "support": 60000
            },
            "roc_auc": 0.9350983027777778,
            "score": 0.9350983027777778
        },
        "val": {
            "0": {
                "precision": 0.8472400513478819,
                "recall": 0.9261658031088082,
                "f1-score": 0.8849466247228096,
                "support": 9264
            },
            "1": {
                "precision": 0.918581121295084,
                "recall": 0.8330094991364422,
                "f1-score": 0.873705066515709,
                "support": 9264
            },
            "accuracy": 0.8795876511226253,
            "macro avg": {
                "precision": 0.882910586321483,
                "recall": 0.8795876511226253,
                "f1-score": 0.8793258456192593,
                "support": 18528
            },
            "weighted avg": {
                "precision": 0.882910586321483,
                "recall": 0.8795876511226253,
                "f1-score": 0.8793258456192593,
                "support": 18528
            },
            "roc_auc": 0.927417549520345,
            "score": 0.927417549520345
        },
        "test": {
            "0": {
                "precision": 0.8408678286129266,
                "recall": 0.9263,
                "f1-score": 0.8815188427864483,
                "support": 10000
            },
            "1": {
                "precision": 0.9179652715939448,
                "recall": 0.8247,
                "f1-score": 0.8688369152970923,
                "support": 10000
            },
            "accuracy": 0.8755,
            "macro avg": {
                "precision": 0.8794165501034357,
                "recall": 0.8755,
                "f1-score": 0.8751778790417704,
                "support": 20000
            },
            "weighted avg": {
                "precision": 0.8794165501034357,
                "recall": 0.8755,
                "f1-score": 0.8751778790417702,
                "support": 20000
            },
            "roc_auc": 0.927679235,
            "score": 0.927679235
        }
    },
    "time": "0:10:10"
}
