{
    "dataset": "vehicleNorm",
    "algorithm": "ft_transformer",
    "config": {
        "data": {
            "cat_policy": "indices",
            "normalization": "quantile",
            "path": "data/vehicleNorm"
        },
        "model": {
            "activation": "reglu",
            "attention_dropout": 0.4196916057583969,
            "d_ffn_factor": 2.509054785477425,
            "d_token": 144,
            "ffn_dropout": 0.1764610276920801,
            "initialization": "kaiming",
            "n_heads": 8,
            "n_layers": 2,
            "prenormalization": true,
            "residual_dropout": 0.0
        },
        "seed": 4,
        "training": {
            "batch_size": 256,
            "eval_batch_size": 8192,
            "lr": 3.201968805382119e-05,
            "n_epochs": 1000000000,
            "optimizer": "adamw",
            "patience": 16,
            "weight_decay": 1.183332535426216e-05
        }
    },
    "environment": {
        "devices": {
            "CUDA_VISIBLE_DEVICES": "1,0,3",
            "torch.version.cuda": "10.1",
            "torch.backends.cudnn.version()": 7603,
            "torch.cuda.nccl.version()": 2708,
            "driver": "455.32.00",
            "1": {
                "name": "Tesla V100-PCIE-16GB",
                "total_memory": 16945512448
            },
            "0": {
                "name": "Tesla V100-PCIE-16GB",
                "total_memory": 16945512448
            },
            "3": {
                "name": "Tesla V100-PCIE-16GB",
                "total_memory": 16945512448
            }
        }
    },
    "epoch_size": 235,
    "n_parameters": 510917,
    "best_epoch": 63,
    "metrics": {
        "train": {
            "0": {
                "precision": 0.8436125965537731,
                "recall": 0.9465333333333333,
                "f1-score": 0.8921143575243482,
                "support": 30000
            },
            "1": {
                "precision": 0.9391040242976462,
                "recall": 0.8245333333333333,
                "f1-score": 0.8780972665956691,
                "support": 30000
            },
            "accuracy": 0.8855333333333333,
            "macro avg": {
                "precision": 0.8913583104257097,
                "recall": 0.8855333333333333,
                "f1-score": 0.8851058120600086,
                "support": 60000
            },
            "weighted avg": {
                "precision": 0.8913583104257096,
                "recall": 0.8855333333333333,
                "f1-score": 0.8851058120600086,
                "support": 60000
            },
            "roc_auc": 0.934896913888889,
            "score": 0.934896913888889
        },
        "val": {
            "0": {
                "precision": 0.8426770126091173,
                "recall": 0.9378238341968912,
                "f1-score": 0.887708184326147,
                "support": 9264
            },
            "1": {
                "precision": 0.9299099537600389,
                "recall": 0.8249136442141624,
                "f1-score": 0.8742706784120811,
                "support": 9264
            },
            "accuracy": 0.8813687392055267,
            "macro avg": {
                "precision": 0.8862934831845781,
                "recall": 0.8813687392055267,
                "f1-score": 0.880989431369114,
                "support": 18528
            },
            "weighted avg": {
                "precision": 0.886293483184578,
                "recall": 0.8813687392055267,
                "f1-score": 0.8809894313691139,
                "support": 18528
            },
            "roc_auc": 0.927123037745607,
            "score": 0.927123037745607
        },
        "test": {
            "0": {
                "precision": 0.835415922884684,
                "recall": 0.936,
                "f1-score": 0.8828522920203736,
                "support": 10000
            },
            "1": {
                "precision": 0.9272396543883583,
                "recall": 0.8156,
                "f1-score": 0.8678442221749308,
                "support": 10000
            },
            "accuracy": 0.8758,
            "macro avg": {
                "precision": 0.8813277886365212,
                "recall": 0.8758,
                "f1-score": 0.8753482570976523,
                "support": 20000
            },
            "weighted avg": {
                "precision": 0.8813277886365213,
                "recall": 0.8758,
                "f1-score": 0.8753482570976523,
                "support": 20000
            },
            "roc_auc": 0.9272128150000001,
            "score": 0.9272128150000001
        }
    },
    "time": "0:08:15"
}
