{
    "dataset": "diabetes",
    "algorithm": "ft_transformer",
    "config": {
        "data": {
            "normalization": "quantile",
            "path": "data/diabetes"
        },
        "model": {
            "activation": "reglu",
            "attention_dropout": 0.1438936562150713,
            "d_ffn_factor": 1.440042303813482,
            "d_token": 240,
            "ffn_dropout": 0.00888673617279813,
            "initialization": "kaiming",
            "n_heads": 8,
            "n_layers": 3,
            "prenormalization": true,
            "residual_dropout": 0.02689855920626202
        },
        "seed": 5,
        "training": {
            "batch_size": 512,
            "eval_batch_size": 8192,
            "lr": 3.016356975543347e-05,
            "n_epochs": 1000000000,
            "optimizer": "adamw",
            "patience": 16,
            "weight_decay": 1.767979803602082e-05
        }
    },
    "environment": {
        "devices": {
            "CUDA_VISIBLE_DEVICES": "2,3",
            "torch.version.cuda": "10.1",
            "torch.backends.cudnn.version()": 7603,
            "torch.cuda.nccl.version()": 2708,
            "driver": "455.32.00",
            "2": {
                "name": "Tesla V100-PCIE-16GB",
                "total_memory": 16945512448
            },
            "3": {
                "name": "Tesla V100-PCIE-16GB",
                "total_memory": 16945512448
            }
        }
    },
    "epoch_size": 128,
    "n_parameters": 2012551,
    "best_epoch": 11,
    "metrics": {
        "train": {
            "0": {
                "precision": 0.6988841657810839,
                "recall": 0.7495654651659781,
                "f1-score": 0.7233381453220595,
                "support": 35095
            },
            "1": {
                "precision": 0.6802721088435374,
                "recall": 0.6226276886195645,
                "f1-score": 0.6501747127236063,
                "support": 30034
            },
            "accuracy": 0.6910285740607103,
            "macro avg": {
                "precision": 0.6895781373123107,
                "recall": 0.6860965768927714,
                "f1-score": 0.686756429022833,
                "support": 65129
            },
            "weighted avg": {
                "precision": 0.6903012838381357,
                "recall": 0.6910285740607103,
                "f1-score": 0.6895990961325749,
                "support": 65129
            },
            "roc_auc": 0.7589009124417031,
            "score": 0.7589009124417031
        },
        "val": {
            "0": {
                "precision": 0.6788235294117647,
                "recall": 0.7273664909465963,
                "f1-score": 0.7022571365346315,
                "support": 8726
            },
            "1": {
                "precision": 0.6568585028126352,
                "recall": 0.6026200873362445,
                "f1-score": 0.6285714285714286,
                "support": 7557
            },
            "accuracy": 0.6694712276607505,
            "macro avg": {
                "precision": 0.6678410161121999,
                "recall": 0.6649932891414204,
                "f1-score": 0.66541428255303,
                "support": 16283
            },
            "weighted avg": {
                "precision": 0.6686294800345233,
                "recall": 0.6694712276607505,
                "f1-score": 0.6680593293075895,
                "support": 16283
            },
            "roc_auc": 0.7318385920605659,
            "score": 0.7318385920605659
        },
        "test": {
            "0": {
                "precision": 0.6818796484110886,
                "recall": 0.730598569229376,
                "f1-score": 0.7053989071038251,
                "support": 11043
            },
            "1": {
                "precision": 0.6509035437690683,
                "recall": 0.5957469659542477,
                "f1-score": 0.6221050860763753,
                "support": 9311
            },
            "accuracy": 0.6689102879040975,
            "macro avg": {
                "precision": 0.6663915960900785,
                "recall": 0.6631727675918119,
                "f1-score": 0.6637519965901002,
                "support": 20354
            },
            "weighted avg": {
                "precision": 0.6677095339214625,
                "recall": 0.6689102879040975,
                "f1-score": 0.6672958920902363,
                "support": 20354
            },
            "roc_auc": 0.7314272296286104,
            "score": 0.7314272296286104
        }
    },
    "time": "0:03:58"
}
