{
    "config": {
        "data": {
            "cat_policy": "indices",
            "path": "data/nomao",
            "y_policy": "mean_std"
        },
        "fit": {
            "early_stopping_rounds": 50,
            "verbose": true
        },
        "model": {
            "colsample_bytree": 0.8049146089492032,
            "learning_rate": 0.0369702442162517,
            "min_child_samples": 78,
            "min_child_weight": 0.01342525377980585,
            "n_estimators": 2000,
            "n_jobs": 20,
            "num_leaves": 73,
            "reg_lambda": 0.0,
            "subsample": 0.5899126531544889
        },
        "seed": 8
    },
    "environment": {
        "devices": {
            "CUDA_VISIBLE_DEVICES": "1,0,3",
            "torch.version.cuda": "10.1",
            "torch.backends.cudnn.version()": 7603,
            "torch.cuda.nccl.version()": 2708,
            "driver": "455.32.00",
            "1": {
                "name": "Tesla V100-PCIE-16GB",
                "total_memory": 16945512448
            },
            "0": {
                "name": "Tesla V100-PCIE-16GB",
                "total_memory": 16945512448
            },
            "3": {
                "name": "Tesla V100-PCIE-16GB",
                "total_memory": 16945512448
            }
        }
    },
    "dataset": "nomao",
    "algorithm": "lightgbm_",
    "metrics": {
        "train": {
            "0": {
                "precision": 0.9987540881482635,
                "recall": 0.9995324189526185,
                "f1-score": 0.9991431019708654,
                "support": 6416
            },
            "1": {
                "precision": 0.99981301421092,
                "recall": 0.9995015265748645,
                "f1-score": 0.9996572461284392,
                "support": 16049
            },
            "accuracy": 0.9995103494324504,
            "macro avg": {
                "precision": 0.9992835511795917,
                "recall": 0.9995169727637414,
                "f1-score": 0.9994001740496523,
                "support": 22465
            },
            "weighted avg": {
                "precision": 0.999510585115972,
                "recall": 0.9995103494324504,
                "f1-score": 0.999510406648582,
                "support": 22465
            },
            "roc_auc": 0.9999972613484669,
            "score": 0.9999972613484669
        },
        "val": {
            "0": {
                "precision": 0.9599056603773585,
                "recall": 0.9498249708284714,
                "f1-score": 0.9548387096774194,
                "support": 1714
            },
            "1": {
                "precision": 0.9800185873605948,
                "recall": 0.9841343910405973,
                "f1-score": 0.9820721769499419,
                "support": 4286
            },
            "accuracy": 0.9743333333333334,
            "macro avg": {
                "precision": 0.9699621238689766,
                "recall": 0.9669796809345343,
                "f1-score": 0.9684554433136806,
                "support": 6000
            },
            "weighted avg": {
                "precision": 0.9742729945523835,
                "recall": 0.9743333333333334,
                "f1-score": 0.9742924831324248,
                "support": 6000
            },
            "roc_auc": 0.9963724122009135,
            "score": 0.9963724122009135
        },
        "test": {
            "0": {
                "precision": 0.9563421828908555,
                "recall": 0.9457409568261377,
                "f1-score": 0.9510120269873862,
                "support": 1714
            },
            "1": {
                "precision": 0.978397212543554,
                "recall": 0.9827344843677088,
                "f1-score": 0.9805610522639971,
                "support": 4286
            },
            "accuracy": 0.9721666666666666,
            "macro avg": {
                "precision": 0.9673696977172048,
                "recall": 0.9642377205969233,
                "f1-score": 0.9657865396256917,
                "support": 6000
            },
            "weighted avg": {
                "precision": 0.972096825739433,
                "recall": 0.9721666666666666,
                "f1-score": 0.9721198807099788,
                "support": 6000
            },
            "roc_auc": 0.9960523829722125,
            "score": 0.9960523829722125
        }
    },
    "time": "0:00:07"
}
