{
    "config": {
        "data": {
            "cat_policy": "indices",
            "path": "data/covtype",
            "y_policy": "mean_std"
        },
        "fit": {
            "early_stopping_rounds": 50,
            "verbose": true
        },
        "model": {
            "colsample_bytree": 0.9259100580938232,
            "learning_rate": 0.07940858605663946,
            "min_child_samples": 16,
            "min_child_weight": 0.03503696211434491,
            "n_estimators": 2000,
            "n_jobs": 20,
            "num_leaves": 94,
            "reg_lambda": 0.002949428929598693,
            "subsample": 0.792700425467908
        },
        "seed": 7
    },
    "environment": {
        "devices": {
            "CUDA_VISIBLE_DEVICES": "1,0,3",
            "torch.version.cuda": "10.2",
            "torch.backends.cudnn.version()": 7605,
            "torch.cuda.nccl.version()": [
                2,
                10,
                3
            ],
            "driver": "455.32.00",
            "1": {
                "name": "Tesla V100-PCIE-16GB",
                "total_memory": 16945512448
            },
            "0": {
                "name": "Tesla V100-PCIE-16GB",
                "total_memory": 16945512448
            },
            "3": {
                "name": "Tesla V100-PCIE-16GB",
                "total_memory": 16945512448
            }
        }
    },
    "dataset": "covtype",
    "algorithm": "lightgbm_",
    "metrics": {
        "train": {
            "0": {
                "precision": 0.9999778712104448,
                "recall": 0.9999188658926964,
                "f1-score": 0.9999483676811187,
                "support": 135578
            },
            "1": {
                "precision": 0.9999393337745422,
                "recall": 0.9999834539357572,
                "f1-score": 0.9999613933684838,
                "support": 181312
            },
            "2": {
                "precision": 1.0,
                "recall": 1.0,
                "f1-score": 1.0,
                "support": 22882
            },
            "3": {
                "precision": 1.0,
                "recall": 1.0,
                "f1-score": 1.0,
                "support": 1759
            },
            "4": {
                "precision": 1.0,
                "recall": 1.0,
                "f1-score": 1.0,
                "support": 6075
            },
            "5": {
                "precision": 1.0,
                "recall": 1.0,
                "f1-score": 1.0,
                "support": 11115
            },
            "6": {
                "precision": 1.0,
                "recall": 1.0,
                "f1-score": 1.0,
                "support": 13126
            },
            "accuracy": 0.9999623501063609,
            "macro avg": {
                "precision": 0.9999881721407125,
                "recall": 0.9999860456897791,
                "f1-score": 0.9999871087213718,
                "support": 371847
            },
            "weighted avg": {
                "precision": 0.999962350935464,
                "recall": 0.9999623501063609,
                "f1-score": 0.9999623499662422,
                "support": 371847
            },
            "score": 0.9999623501063609
        },
        "val": {
            "0": {
                "precision": 0.9735831074842899,
                "recall": 0.9644774886410574,
                "f1-score": 0.9690089075306428,
                "support": 33894
            },
            "1": {
                "precision": 0.9694499683136295,
                "recall": 0.978710730674197,
                "f1-score": 0.9740583385480135,
                "support": 45328
            },
            "2": {
                "precision": 0.9616984402079722,
                "recall": 0.9699353259919594,
                "f1-score": 0.9657993212079018,
                "support": 5721
            },
            "3": {
                "precision": 0.8922305764411027,
                "recall": 0.8109339407744874,
                "f1-score": 0.8496420047732697,
                "support": 439
            },
            "4": {
                "precision": 0.9271978021978022,
                "recall": 0.8887425938117183,
                "f1-score": 0.9075630252100839,
                "support": 1519
            },
            "5": {
                "precision": 0.9508912331757002,
                "recall": 0.9406261245052177,
                "f1-score": 0.9457308248914617,
                "support": 2779
            },
            "6": {
                "precision": 0.9769230769230769,
                "recall": 0.9673979280926265,
                "f1-score": 0.9721371708511941,
                "support": 3282
            },
            "accuracy": 0.9691809556593016,
            "macro avg": {
                "precision": 0.9502820292490819,
                "recall": 0.9315463046416091,
                "f1-score": 0.9405627990017954,
                "support": 92962
            },
            "weighted avg": {
                "precision": 0.9691338584074726,
                "recall": 0.9691809556593016,
                "f1-score": 0.9691203226121956,
                "support": 92962
            },
            "score": 0.9691809556593016
        },
        "test": {
            "0": {
                "precision": 0.9733951497860199,
                "recall": 0.9663189199395771,
                "f1-score": 0.9698441275406263,
                "support": 42368
            },
            "1": {
                "precision": 0.9698538154857662,
                "recall": 0.9788743580240377,
                "f1-score": 0.9743432089873428,
                "support": 56661
            },
            "2": {
                "precision": 0.9619866814650389,
                "recall": 0.96965459376311,
                "f1-score": 0.9658054182046103,
                "support": 7151
            },
            "3": {
                "precision": 0.9085487077534792,
                "recall": 0.8324225865209471,
                "f1-score": 0.8688212927756654,
                "support": 549
            },
            "4": {
                "precision": 0.9311531841652324,
                "recall": 0.8546603475513428,
                "f1-score": 0.8912685337726524,
                "support": 1899
            },
            "5": {
                "precision": 0.944090382387022,
                "recall": 0.9383818024762454,
                "f1-score": 0.9412274368231047,
                "support": 3473
            },
            "6": {
                "precision": 0.9770313657693258,
                "recall": 0.9644076060458313,
                "f1-score": 0.9706784443626549,
                "support": 4102
            },
            "accuracy": 0.9692865072330319,
            "macro avg": {
                "precision": 0.9522941838302692,
                "recall": 0.929245744903013,
                "f1-score": 0.9402840660666651,
                "support": 116203
            },
            "weighted avg": {
                "precision": 0.9692221474680681,
                "recall": 0.9692865072330319,
                "f1-score": 0.9692021618020586,
                "support": 116203
            },
            "score": 0.9692865072330319
        }
    },
    "time": "0:03:40"
}
