{
    "dataset": "vehicleNorm",
    "algorithm": "ft_transformer",
    "config": {
        "data": {
            "cat_policy": "indices",
            "normalization": "quantile",
            "path": "data/vehicleNorm"
        },
        "model": {
            "activation": "reglu",
            "attention_dropout": 0.4196916057583969,
            "d_ffn_factor": 2.509054785477425,
            "d_token": 144,
            "ffn_dropout": 0.1764610276920801,
            "initialization": "kaiming",
            "n_heads": 8,
            "n_layers": 2,
            "prenormalization": true,
            "residual_dropout": 0.0
        },
        "seed": 9,
        "training": {
            "batch_size": 256,
            "eval_batch_size": 8192,
            "lr": 3.201968805382119e-05,
            "n_epochs": 1000000000,
            "optimizer": "adamw",
            "patience": 16,
            "weight_decay": 1.183332535426216e-05
        }
    },
    "environment": {
        "devices": {
            "CUDA_VISIBLE_DEVICES": "1,0,3",
            "torch.version.cuda": "10.1",
            "torch.backends.cudnn.version()": 7603,
            "torch.cuda.nccl.version()": 2708,
            "driver": "455.32.00",
            "1": {
                "name": "Tesla V100-PCIE-16GB",
                "total_memory": 16945512448
            },
            "0": {
                "name": "Tesla V100-PCIE-16GB",
                "total_memory": 16945512448
            },
            "3": {
                "name": "Tesla V100-PCIE-16GB",
                "total_memory": 16945512448
            }
        }
    },
    "epoch_size": 235,
    "n_parameters": 510917,
    "best_epoch": 71,
    "metrics": {
        "train": {
            "0": {
                "precision": 0.8505363961452209,
                "recall": 0.9355333333333333,
                "f1-score": 0.891012413092479,
                "support": 30000
            },
            "1": {
                "precision": 0.928375675875861,
                "recall": 0.8356,
                "f1-score": 0.8795480860320691,
                "support": 30000
            },
            "accuracy": 0.8855666666666666,
            "macro avg": {
                "precision": 0.889456036010541,
                "recall": 0.8855666666666666,
                "f1-score": 0.885280249562274,
                "support": 60000
            },
            "weighted avg": {
                "precision": 0.889456036010541,
                "recall": 0.8855666666666666,
                "f1-score": 0.885280249562274,
                "support": 60000
            },
            "roc_auc": 0.9350665894444443,
            "score": 0.9350665894444443
        },
        "val": {
            "0": {
                "precision": 0.848829167078352,
                "recall": 0.927353195164076,
                "f1-score": 0.8863554294557648,
                "support": 9264
            },
            "1": {
                "precision": 0.9199476626620673,
                "recall": 0.8348445595854922,
                "f1-score": 0.8753324656216399,
                "support": 9264
            },
            "accuracy": 0.8810988773747841,
            "macro avg": {
                "precision": 0.8843884148702097,
                "recall": 0.8810988773747841,
                "f1-score": 0.8808439475387024,
                "support": 18528
            },
            "weighted avg": {
                "precision": 0.8843884148702097,
                "recall": 0.8810988773747841,
                "f1-score": 0.8808439475387024,
                "support": 18528
            },
            "roc_auc": 0.9276557293857255,
            "score": 0.9276557293857255
        },
        "test": {
            "0": {
                "precision": 0.8407103825136611,
                "recall": 0.9231,
                "f1-score": 0.8799809342230696,
                "support": 10000
            },
            "1": {
                "precision": 0.9147450110864745,
                "recall": 0.8251,
                "f1-score": 0.8676130389064143,
                "support": 10000
            },
            "accuracy": 0.8741,
            "macro avg": {
                "precision": 0.8777276968000678,
                "recall": 0.8741,
                "f1-score": 0.8737969865647419,
                "support": 20000
            },
            "weighted avg": {
                "precision": 0.8777276968000679,
                "recall": 0.8741,
                "f1-score": 0.8737969865647419,
                "support": 20000
            },
            "roc_auc": 0.9269890499999999,
            "score": 0.9269890499999999
        }
    },
    "time": "0:16:24"
}
