{
    "config": {
        "data": {
            "cat_policy": "indices",
            "path": "data/broken_machine",
            "y_policy": "mean_std"
        },
        "fit": {
            "early_stopping_rounds": 50,
            "verbose": true
        },
        "model": {
            "colsample_bytree": 0.9693425391673653,
            "learning_rate": 0.09440740156408886,
            "min_child_samples": 95,
            "min_child_weight": 0.03398774230105511,
            "n_estimators": 2000,
            "n_jobs": 10,
            "num_leaves": 92,
            "reg_lambda": 0.0,
            "subsample": 0.6214078432303646
        },
        "seed": 1
    },
    "environment": {
        "devices": {
            "CUDA_VISIBLE_DEVICES": "1,0,3",
            "torch.version.cuda": "10.1",
            "torch.backends.cudnn.version()": 7603,
            "torch.cuda.nccl.version()": 2708,
            "driver": "455.32.00",
            "1": {
                "name": "Tesla V100-PCIE-16GB",
                "total_memory": 16945512448
            },
            "0": {
                "name": "Tesla V100-PCIE-16GB",
                "total_memory": 16945512448
            },
            "3": {
                "name": "Tesla V100-PCIE-16GB",
                "total_memory": 16945512448
            }
        }
    },
    "dataset": "broken_machine",
    "algorithm": "lightgbm_",
    "metrics": {
        "train": {
            "0": {
                "precision": 0.7786913866480974,
                "recall": 0.9773315770230541,
                "f1-score": 0.8667764564263101,
                "support": 399322
            },
            "1": {
                "precision": 0.8790049857645061,
                "recall": 0.37220819796465887,
                "f1-score": 0.5229690128076153,
                "support": 176678
            },
            "accuracy": 0.7917204861111111,
            "macro avg": {
                "precision": 0.8288481862063017,
                "recall": 0.6747698874938565,
                "f1-score": 0.6948727346169628,
                "support": 576000
            },
            "weighted avg": {
                "precision": 0.8094608416215157,
                "recall": 0.7917204861111111,
                "f1-score": 0.761319491975505,
                "support": 576000
            },
            "roc_auc": 0.900943373440944,
            "score": 0.900943373440944
        },
        "val": {
            "0": {
                "precision": 0.7565084951743621,
                "recall": 0.9602724631874187,
                "f1-score": 0.8462981518347025,
                "support": 99830
            },
            "1": {
                "precision": 0.7704993923962734,
                "recall": 0.3014489472492642,
                "f1-score": 0.43335340352475954,
                "support": 44170
            },
            "accuracy": 0.7581875,
            "macro avg": {
                "precision": 0.7635039437853177,
                "recall": 0.6308607052183415,
                "f1-score": 0.639825777679731,
                "support": 144000
            },
            "weighted avg": {
                "precision": 0.7608000085791664,
                "recall": 0.7581875,
                "f1-score": 0.719633085634354,
                "support": 144000
            },
            "roc_auc": 0.7567234906087009,
            "score": 0.7567234906087009
        },
        "test": {
            "0": {
                "precision": 0.7564017597343987,
                "recall": 0.9603407378914639,
                "f1-score": 0.846257869296415,
                "support": 124788
            },
            "1": {
                "precision": 0.7705290490100617,
                "recall": 0.30098529305223504,
                "f1-score": 0.43287878195860846,
                "support": 55212
            },
            "accuracy": 0.7580944444444444,
            "macro avg": {
                "precision": 0.7634654043722302,
                "recall": 0.6306630154718494,
                "f1-score": 0.6395683256275118,
                "support": 180000
            },
            "weighted avg": {
                "precision": 0.7607350702648871,
                "recall": 0.7580944444444444,
                "f1-score": 0.7194607239069984,
                "support": 180000
            },
            "roc_auc": 0.7564375469283915,
            "score": 0.7564375469283915
        }
    },
    "time": "0:00:33"
}
