{
    "config": {
        "data": {
            "cat_policy": "indices",
            "path": "data/telecom",
            "y_policy": "mean_std"
        },
        "fit": {
            "early_stopping_rounds": 50,
            "verbose": true
        },
        "model": {
            "colsample_bytree": 0.5257201246249155,
            "learning_rate": 0.02697313064216779,
            "min_child_samples": 74,
            "min_child_weight": 1.102605078615191e-05,
            "n_estimators": 2000,
            "n_jobs": 1,
            "num_leaves": 83,
            "reg_lambda": 0.0,
            "subsample": 0.7760549229690422
        },
        "seed": 1
    },
    "environment": {
        "devices": {
            "CUDA_VISIBLE_DEVICES": "2,3",
            "torch.version.cuda": "10.2",
            "torch.backends.cudnn.version()": 7605,
            "torch.cuda.nccl.version()": [
                2,
                10,
                3
            ],
            "driver": "440.118.02",
            "2": {
                "name": "Tesla P40",
                "total_memory": 24032378880
            },
            "3": {
                "name": "Tesla P40",
                "total_memory": 24032378880
            }
        }
    },
    "dataset": "telecom",
    "algorithm": "lightgbm_",
    "metrics": {
        "train": {
            "0": {
                "precision": 0.7579563387690689,
                "recall": 0.9876617256447605,
                "f1-score": 0.8576955987945981,
                "support": 23342
            },
            "1": {
                "precision": 0.8721704394141145,
                "recall": 0.21067867481505306,
                "f1-score": 0.3393782383419689,
                "support": 9327
            },
            "accuracy": 0.7658330527411308,
            "macro avg": {
                "precision": 0.8150633890915917,
                "recall": 0.5991702002299067,
                "f1-score": 0.5985369185682835,
                "support": 32669
            },
            "weighted avg": {
                "precision": 0.7905644662512796,
                "recall": 0.7658330527411308,
                "f1-score": 0.7097159844525102,
                "support": 32669
            },
            "roc_auc": 0.85432890308068,
            "score": 0.85432890308068
        },
        "val": {
            "0": {
                "precision": 0.7209838585703305,
                "recall": 0.9755590223608944,
                "f1-score": 0.829171270718232,
                "support": 5769
            },
            "1": {
                "precision": 0.6104972375690608,
                "recall": 0.0921217173822426,
                "f1-score": 0.16008692502716407,
                "support": 2399
            },
            "accuracy": 0.7160871694417238,
            "macro avg": {
                "precision": 0.6657405480696956,
                "recall": 0.5338403698715685,
                "f1-score": 0.49462909787269804,
                "support": 8168
            },
            "weighted avg": {
                "precision": 0.6885331480191494,
                "recall": 0.7160871694417238,
                "f1-score": 0.6326564145339921,
                "support": 8168
            },
            "roc_auc": 0.667008795121848,
            "score": 0.667008795121848
        },
        "test": {
            "0": {
                "precision": 0.7221076510620746,
                "recall": 0.9692733564013841,
                "f1-score": 0.8276310346865213,
                "support": 7225
            },
            "1": {
                "precision": 0.56640625,
                "recall": 0.09715242881072027,
                "f1-score": 0.16585644838432942,
                "support": 2985
            },
            "accuracy": 0.7142997061704212,
            "macro avg": {
                "precision": 0.6442569505310374,
                "recall": 0.5332128926060522,
                "f1-score": 0.4967437415354254,
                "support": 10210
            },
            "weighted avg": {
                "precision": 0.6765867223480401,
                "recall": 0.7142997061704212,
                "f1-score": 0.6341543314434221,
                "support": 10210
            },
            "roc_auc": 0.6674959572951261,
            "score": 0.6674959572951261
        }
    },
    "time": "0:00:06"
}
