{
    "dataset": "nomao",
    "algorithm": "ft_transformer",
    "config": {
        "data": {
            "cat_policy": "indices",
            "normalization": "quantile",
            "path": "data/nomao"
        },
        "model": {
            "activation": "reglu",
            "attention_dropout": 0.1626716818652701,
            "d_ffn_factor": 1.845241078904277,
            "d_token": 96,
            "ffn_dropout": 0.06559127961509764,
            "initialization": "kaiming",
            "n_heads": 8,
            "n_layers": 4,
            "prenormalization": true,
            "residual_dropout": 0.0
        },
        "seed": 5,
        "training": {
            "batch_size": 256,
            "eval_batch_size": 8192,
            "lr": 0.0001844643568489571,
            "n_epochs": 1000000000,
            "optimizer": "adamw",
            "patience": 16,
            "weight_decay": 2.942391900026969e-06
        }
    },
    "environment": {
        "devices": {
            "CUDA_VISIBLE_DEVICES": "1,0,3",
            "torch.version.cuda": "10.1",
            "torch.backends.cudnn.version()": 7603,
            "torch.cuda.nccl.version()": 2708,
            "driver": "455.32.00",
            "1": {
                "name": "Tesla V100-PCIE-16GB",
                "total_memory": 16945512448
            },
            "0": {
                "name": "Tesla V100-PCIE-16GB",
                "total_memory": 16945512448
            },
            "3": {
                "name": "Tesla V100-PCIE-16GB",
                "total_memory": 16945512448
            }
        }
    },
    "epoch_size": 88,
    "n_parameters": 384457,
    "best_epoch": 37,
    "metrics": {
        "train": {
            "0": {
                "precision": 0.9514027288057643,
                "recall": 0.9672693266832918,
                "f1-score": 0.9592704227529176,
                "support": 6416
            },
            "1": {
                "precision": 0.9868272487768159,
                "recall": 0.9802479905290049,
                "f1-score": 0.9835266168609922,
                "support": 16049
            },
            "accuracy": 0.976541286445582,
            "macro avg": {
                "precision": 0.9691149887912901,
                "recall": 0.9737586586061484,
                "f1-score": 0.9713985198069549,
                "support": 22465
            },
            "weighted avg": {
                "precision": 0.9767100121805877,
                "recall": 0.976541286445582,
                "f1-score": 0.9765990521426567,
                "support": 22465
            },
            "roc_auc": 0.9969116605411513,
            "score": 0.9969116605411513
        },
        "val": {
            "0": {
                "precision": 0.9286529680365296,
                "recall": 0.9492415402567095,
                "f1-score": 0.9388343912290825,
                "support": 1714
            },
            "1": {
                "precision": 0.9795197740112994,
                "recall": 0.9708352776481568,
                "f1-score": 0.9751581907663462,
                "support": 4286
            },
            "accuracy": 0.9646666666666667,
            "macro avg": {
                "precision": 0.9540863710239145,
                "recall": 0.9600384089524332,
                "f1-score": 0.9569962909977143,
                "support": 6000
            },
            "weighted avg": {
                "precision": 0.9649888231045068,
                "recall": 0.9646666666666667,
                "f1-score": 0.9647816920318679,
                "support": 6000
            },
            "roc_auc": 0.9940316114281607,
            "score": 0.9940316114281607
        },
        "test": {
            "0": {
                "precision": 0.9252013808975834,
                "recall": 0.9381563593932322,
                "f1-score": 0.9316338354577057,
                "support": 1714
            },
            "1": {
                "precision": 0.9751290473955889,
                "recall": 0.9696686887540831,
                "f1-score": 0.9723912026204959,
                "support": 4286
            },
            "accuracy": 0.9606666666666667,
            "macro avg": {
                "precision": 0.9501652141465862,
                "recall": 0.9539125240736577,
                "f1-score": 0.9520125190391009,
                "support": 6000
            },
            "weighted avg": {
                "precision": 0.9608663773326588,
                "recall": 0.9606666666666667,
                "f1-score": 0.9607481814009922,
                "support": 6000
            },
            "roc_auc": 0.9936424308391109,
            "score": 0.9936424308391109
        }
    },
    "time": "0:04:23"
}
