{
    "dataset": "broken_machine",
    "algorithm": "ft_transformer",
    "config": {
        "data": {
            "cat_policy": "indices",
            "normalization": "quantile",
            "path": "data/broken_machine"
        },
        "model": {
            "activation": "reglu",
            "attention_dropout": 0.2,
            "d_ffn_factor": 1.333333333333333,
            "d_token": 192,
            "ffn_dropout": 0.1,
            "initialization": "kaiming",
            "n_heads": 8,
            "n_layers": 3,
            "prenormalization": true,
            "residual_dropout": 0.0
        },
        "seed": 0,
        "training": {
            "batch_size": 256,
            "eval_batch_size": 8192,
            "lr": 0.0001,
            "lr_n_decays": 0,
            "n_epochs": 1000000000,
            "optimizer": "adamw",
            "patience": 16,
            "weight_decay": 1e-05
        }
    },
    "environment": {
        "devices": {
            "CUDA_VISIBLE_DEVICES": "0",
            "torch.version.cuda": "10.1",
            "torch.backends.cudnn.version()": 7603,
            "torch.cuda.nccl.version()": 2708,
            "driver": "455.32.00",
            "0": {
                "name": "Tesla V100-PCIE-16GB",
                "total_memory": 16945512448
            }
        }
    },
    "epoch_size": 2250,
    "n_parameters": 912379,
    "best_epoch": 64,
    "metrics": {
        "train": {
            "0": {
                "precision": 0.7403892815896292,
                "recall": 0.9857333179739659,
                "f1-score": 0.8456251987178937,
                "support": 399322
            },
            "1": {
                "precision": 0.8715561166974793,
                "recall": 0.21879917137391186,
                "f1-score": 0.34978645625972715,
                "support": 176678
            },
            "accuracy": 0.7504895833333334,
            "macro avg": {
                "precision": 0.8059726991435543,
                "recall": 0.6022662446739389,
                "f1-score": 0.5977058274888104,
                "support": 576000
            },
            "weighted avg": {
                "precision": 0.7806224310569638,
                "recall": 0.7504895833333334,
                "f1-score": 0.6935352727803521,
                "support": 576000
            },
            "roc_auc": 0.6921491313849377,
            "score": 0.7504895833333334
        },
        "val": {
            "0": {
                "precision": 0.7394023313742164,
                "recall": 0.9842131623760393,
                "f1-score": 0.8444220993240601,
                "support": 99830
            },
            "1": {
                "precision": 0.8582351353782496,
                "recall": 0.21600633914421552,
                "f1-score": 0.34514442816575325,
                "support": 44170
            },
            "accuracy": 0.7485763888888889,
            "macro avg": {
                "precision": 0.798818733376233,
                "recall": 0.6001097507601274,
                "f1-score": 0.5947832637449066,
                "support": 144000
            },
            "weighted avg": {
                "precision": 0.7758526435468424,
                "recall": 0.7485763888888889,
                "f1-score": 0.6912756081083489,
                "support": 144000
            },
            "roc_auc": 0.6869484184921022,
            "score": 0.7485763888888889
        },
        "test": {
            "0": {
                "precision": 0.7396313641452873,
                "recall": 0.9846459595473924,
                "f1-score": 0.8447307451686754,
                "support": 124788
            },
            "1": {
                "precision": 0.86189995675364,
                "recall": 0.21658335144533797,
                "f1-score": 0.3461772283820166,
                "support": 55212
            },
            "accuracy": 0.7490555555555556,
            "macro avg": {
                "precision": 0.8007656604494636,
                "recall": 0.6006146554963652,
                "f1-score": 0.595453986775346,
                "support": 180000
            },
            "weighted avg": {
                "precision": 0.7771352171180227,
                "recall": 0.7490555555555556,
                "f1-score": 0.6918077631196476,
                "support": 180000
            },
            "roc_auc": 0.6877954498622172,
            "score": 0.7490555555555556
        }
    },
    "time": "1:11:27"
}
