{
    "config": {
        "data": {
            "cat_policy": "indices",
            "path": "data/nomao",
            "y_policy": "mean_std"
        },
        "fit": {
            "early_stopping_rounds": 50,
            "verbose": true
        },
        "model": {
            "colsample_bytree": 0.8049146089492032,
            "learning_rate": 0.0369702442162517,
            "min_child_samples": 78,
            "min_child_weight": 0.01342525377980585,
            "n_estimators": 2000,
            "n_jobs": 20,
            "num_leaves": 73,
            "reg_lambda": 0.0,
            "subsample": 0.5899126531544889
        },
        "seed": 3
    },
    "environment": {
        "devices": {
            "CUDA_VISIBLE_DEVICES": "1,0,3",
            "torch.version.cuda": "10.1",
            "torch.backends.cudnn.version()": 7603,
            "torch.cuda.nccl.version()": 2708,
            "driver": "455.32.00",
            "1": {
                "name": "Tesla V100-PCIE-16GB",
                "total_memory": 16945512448
            },
            "0": {
                "name": "Tesla V100-PCIE-16GB",
                "total_memory": 16945512448
            },
            "3": {
                "name": "Tesla V100-PCIE-16GB",
                "total_memory": 16945512448
            }
        }
    },
    "dataset": "nomao",
    "algorithm": "lightgbm_",
    "metrics": {
        "train": {
            "0": {
                "precision": 0.9989094874591058,
                "recall": 0.9993765586034913,
                "f1-score": 0.9991429684456564,
                "support": 6416
            },
            "1": {
                "precision": 0.9997507166895176,
                "recall": 0.9995638357530064,
                "f1-score": 0.9996572674871476,
                "support": 16049
            },
            "accuracy": 0.9995103494324504,
            "macro avg": {
                "precision": 0.9993301020743117,
                "recall": 0.9994701971782489,
                "f1-score": 0.999400117966402,
                "support": 22465
            },
            "weighted avg": {
                "precision": 0.9995104617710968,
                "recall": 0.9995103494324504,
                "f1-score": 0.999510383772471,
                "support": 22465
            },
            "roc_auc": 0.9999947654851904,
            "score": 0.9999947654851904
        },
        "val": {
            "0": {
                "precision": 0.9565472695243687,
                "recall": 0.9504084014002334,
                "f1-score": 0.9534679543459176,
                "support": 1714
            },
            "1": {
                "precision": 0.9802187572725157,
                "recall": 0.9827344843677088,
                "f1-score": 0.9814750087382035,
                "support": 4286
            },
            "accuracy": 0.9735,
            "macro avg": {
                "precision": 0.9683830133984422,
                "recall": 0.9665714428839711,
                "f1-score": 0.9674714815420605,
                "support": 6000
            },
            "weighted avg": {
                "precision": 0.9734566022724618,
                "recall": 0.9735,
                "f1-score": 0.9734743268668071,
                "support": 6000
            },
            "roc_auc": 0.9962727689021432,
            "score": 0.9962727689021432
        },
        "test": {
            "0": {
                "precision": 0.954225352112676,
                "recall": 0.9486581096849475,
                "f1-score": 0.9514335868929198,
                "support": 1714
            },
            "1": {
                "precision": 0.9795158286778398,
                "recall": 0.9818012132524498,
                "f1-score": 0.9806571894663249,
                "support": 4286
            },
            "accuracy": 0.9723333333333334,
            "macro avg": {
                "precision": 0.9668705903952579,
                "recall": 0.9652296614686986,
                "f1-score": 0.9660453881796223,
                "support": 6000
            },
            "weighted avg": {
                "precision": 0.972291182539058,
                "recall": 0.9723333333333334,
                "f1-score": 0.9723089803311888,
                "support": 6000
            },
            "roc_auc": 0.9959752002530832,
            "score": 0.9959752002530832
        }
    },
    "time": "0:00:21"
}
