{
    "config": {
        "data": {
            "cat_policy": "indices",
            "path": "data/nomao",
            "y_policy": "mean_std"
        },
        "fit": {
            "early_stopping_rounds": 50,
            "verbose": true
        },
        "model": {
            "colsample_bytree": 0.8049146089492032,
            "learning_rate": 0.0369702442162517,
            "min_child_samples": 78,
            "min_child_weight": 0.01342525377980585,
            "n_estimators": 2000,
            "n_jobs": 20,
            "num_leaves": 73,
            "reg_lambda": 0.0,
            "subsample": 0.5899126531544889
        },
        "seed": 7
    },
    "environment": {
        "devices": {
            "CUDA_VISIBLE_DEVICES": "1,0,3",
            "torch.version.cuda": "10.1",
            "torch.backends.cudnn.version()": 7603,
            "torch.cuda.nccl.version()": 2708,
            "driver": "455.32.00",
            "1": {
                "name": "Tesla V100-PCIE-16GB",
                "total_memory": 16945512448
            },
            "0": {
                "name": "Tesla V100-PCIE-16GB",
                "total_memory": 16945512448
            },
            "3": {
                "name": "Tesla V100-PCIE-16GB",
                "total_memory": 16945512448
            }
        }
    },
    "dataset": "nomao",
    "algorithm": "lightgbm_",
    "metrics": {
        "train": {
            "0": {
                "precision": 0.9911366816980252,
                "recall": 0.9934538653366584,
                "f1-score": 0.9922939207597103,
                "support": 6416
            },
            "1": {
                "precision": 0.9973805662966196,
                "recall": 0.9964483768459094,
                "f1-score": 0.9969142536545833,
                "support": 16049
            },
            "accuracy": 0.9955931448920543,
            "macro avg": {
                "precision": 0.9942586239973223,
                "recall": 0.9949511210912838,
                "f1-score": 0.9946040872071469,
                "support": 22465
            },
            "weighted avg": {
                "precision": 0.9955973139670145,
                "recall": 0.9955931448920543,
                "f1-score": 0.9955946874024798,
                "support": 22465
            },
            "roc_auc": 0.999845499265109,
            "score": 0.999845499265109
        },
        "val": {
            "0": {
                "precision": 0.9526315789473684,
                "recall": 0.9504084014002334,
                "f1-score": 0.951518691588785,
                "support": 1714
            },
            "1": {
                "precision": 0.9801864801864801,
                "recall": 0.9811012599160056,
                "f1-score": 0.9806436567164178,
                "support": 4286
            },
            "accuracy": 0.9723333333333334,
            "macro avg": {
                "precision": 0.9664090295669243,
                "recall": 0.9657548306581195,
                "f1-score": 0.9660811741526014,
                "support": 6000
            },
            "weighted avg": {
                "precision": 0.9723149633991739,
                "recall": 0.9723333333333334,
                "f1-score": 0.9723236250116241,
                "support": 6000
            },
            "roc_auc": 0.9959011484026308,
            "score": 0.9959011484026308
        },
        "test": {
            "0": {
                "precision": 0.9516509433962265,
                "recall": 0.941656942823804,
                "f1-score": 0.9466275659824047,
                "support": 1714
            },
            "1": {
                "precision": 0.9767657992565055,
                "recall": 0.9808679421371909,
                "f1-score": 0.9788125727590221,
                "support": 4286
            },
            "accuracy": 0.9696666666666667,
            "macro avg": {
                "precision": 0.964208371326366,
                "recall": 0.9612624424804974,
                "f1-score": 0.9627200693707134,
                "support": 6000
            },
            "weighted avg": {
                "precision": 0.9695913220990858,
                "recall": 0.9696666666666667,
                "f1-score": 0.9696183891565018,
                "support": 6000
            },
            "roc_auc": 0.995385780193417,
            "score": 0.995385780193417
        }
    },
    "time": "0:00:07"
}
