{
    "config": {
        "data": {
            "cat_policy": "indices",
            "path": "data/nomao",
            "y_policy": "mean_std"
        },
        "fit": {
            "early_stopping_rounds": 50,
            "verbose": true
        },
        "model": {
            "colsample_bytree": 0.8049146089492032,
            "learning_rate": 0.0369702442162517,
            "min_child_samples": 78,
            "min_child_weight": 0.01342525377980585,
            "n_estimators": 2000,
            "n_jobs": 20,
            "num_leaves": 73,
            "reg_lambda": 0.0,
            "subsample": 0.5899126531544889
        },
        "seed": 9
    },
    "environment": {
        "devices": {
            "CUDA_VISIBLE_DEVICES": "1,0,3",
            "torch.version.cuda": "10.1",
            "torch.backends.cudnn.version()": 7603,
            "torch.cuda.nccl.version()": 2708,
            "driver": "455.32.00",
            "1": {
                "name": "Tesla V100-PCIE-16GB",
                "total_memory": 16945512448
            },
            "0": {
                "name": "Tesla V100-PCIE-16GB",
                "total_memory": 16945512448
            },
            "3": {
                "name": "Tesla V100-PCIE-16GB",
                "total_memory": 16945512448
            }
        }
    },
    "dataset": "nomao",
    "algorithm": "lightgbm_",
    "metrics": {
        "train": {
            "0": {
                "precision": 0.9940938762822505,
                "recall": 0.9968827930174564,
                "f1-score": 0.9954863813229572,
                "support": 6416
            },
            "1": {
                "precision": 0.998752417191691,
                "recall": 0.9976322512306063,
                "f1-score": 0.9981920199501245,
                "support": 16049
            },
            "accuracy": 0.9974182060983753,
            "macro avg": {
                "precision": 0.9964231467369709,
                "recall": 0.9972575221240314,
                "f1-score": 0.9968392006365409,
                "support": 22465
            },
            "weighted avg": {
                "precision": 0.9974219387374301,
                "recall": 0.9974182060983753,
                "f1-score": 0.9974192900399573,
                "support": 22465
            },
            "roc_auc": 0.9999615034940532,
            "score": 0.9999615034940532
        },
        "val": {
            "0": {
                "precision": 0.956496178718401,
                "recall": 0.9492415402567095,
                "f1-score": 0.9528550512445096,
                "support": 1714
            },
            "1": {
                "precision": 0.9797627355198884,
                "recall": 0.9827344843677088,
                "f1-score": 0.9812463599301107,
                "support": 4286
            },
            "accuracy": 0.9731666666666666,
            "macro avg": {
                "precision": 0.9681294571191447,
                "recall": 0.9659880123122091,
                "f1-score": 0.9670507055873101,
                "support": 6000
            },
            "weighted avg": {
                "precision": 0.9731162557935968,
                "recall": 0.9731666666666666,
                "f1-score": 0.9731359094155907,
                "support": 6000
            },
            "roc_auc": 0.9960383621255278,
            "score": 0.9960383621255278
        },
        "test": {
            "0": {
                "precision": 0.9518213866039953,
                "recall": 0.9451575262543758,
                "f1-score": 0.9484777517564403,
                "support": 1714
            },
            "1": {
                "precision": 0.9781293624941834,
                "recall": 0.9808679421371909,
                "f1-score": 0.9794967381174279,
                "support": 4286
            },
            "accuracy": 0.9706666666666667,
            "macro avg": {
                "precision": 0.9649753745490893,
                "recall": 0.9630127341957833,
                "f1-score": 0.9639872449369341,
                "support": 6000
            },
            "weighted avg": {
                "precision": 0.9706140507148863,
                "recall": 0.9706666666666667,
                "f1-score": 0.9706356476803057,
                "support": 6000
            },
            "roc_auc": 0.9956671500001907,
            "score": 0.9956671500001907
        }
    },
    "time": "0:00:14"
}
