{
    "dataset": "vehicleNorm",
    "algorithm": "ft_transformer",
    "config": {
        "data": {
            "cat_policy": "indices",
            "normalization": "quantile",
            "path": "data/vehicleNorm"
        },
        "model": {
            "activation": "reglu",
            "attention_dropout": 0.4196916057583969,
            "d_ffn_factor": 2.509054785477425,
            "d_token": 144,
            "ffn_dropout": 0.1764610276920801,
            "initialization": "kaiming",
            "n_heads": 8,
            "n_layers": 2,
            "prenormalization": true,
            "residual_dropout": 0.0
        },
        "seed": 5,
        "training": {
            "batch_size": 256,
            "eval_batch_size": 8192,
            "lr": 3.201968805382119e-05,
            "n_epochs": 1000000000,
            "optimizer": "adamw",
            "patience": 16,
            "weight_decay": 1.183332535426216e-05
        }
    },
    "environment": {
        "devices": {
            "CUDA_VISIBLE_DEVICES": "1,0,3",
            "torch.version.cuda": "10.1",
            "torch.backends.cudnn.version()": 7603,
            "torch.cuda.nccl.version()": 2708,
            "driver": "455.32.00",
            "1": {
                "name": "Tesla V100-PCIE-16GB",
                "total_memory": 16945512448
            },
            "0": {
                "name": "Tesla V100-PCIE-16GB",
                "total_memory": 16945512448
            },
            "3": {
                "name": "Tesla V100-PCIE-16GB",
                "total_memory": 16945512448
            }
        }
    },
    "epoch_size": 235,
    "n_parameters": 510917,
    "best_epoch": 57,
    "metrics": {
        "train": {
            "0": {
                "precision": 0.8430014858841011,
                "recall": 0.9455666666666667,
                "f1-score": 0.8913432835820896,
                "support": 30000
            },
            "1": {
                "precision": 0.9380265654648956,
                "recall": 0.8239,
                "f1-score": 0.8772670807453415,
                "support": 30000
            },
            "accuracy": 0.8847333333333334,
            "macro avg": {
                "precision": 0.8905140256744983,
                "recall": 0.8847333333333334,
                "f1-score": 0.8843051821637156,
                "support": 60000
            },
            "weighted avg": {
                "precision": 0.8905140256744984,
                "recall": 0.8847333333333334,
                "f1-score": 0.8843051821637157,
                "support": 60000
            },
            "roc_auc": 0.9342520394444445,
            "score": 0.9342520394444445
        },
        "val": {
            "0": {
                "precision": 0.8435044144755991,
                "recall": 0.9384715025906736,
                "f1-score": 0.8884574114761636,
                "support": 9264
            },
            "1": {
                "precision": 0.9306653691764992,
                "recall": 0.8258851468048359,
                "f1-score": 0.8751501286817271,
                "support": 9264
            },
            "accuracy": 0.8821783246977547,
            "macro avg": {
                "precision": 0.8870848918260492,
                "recall": 0.8821783246977548,
                "f1-score": 0.8818037700789454,
                "support": 18528
            },
            "weighted avg": {
                "precision": 0.8870848918260491,
                "recall": 0.8821783246977547,
                "f1-score": 0.8818037700789454,
                "support": 18528
            },
            "roc_auc": 0.9271798706937695,
            "score": 0.9271798706937695
        },
        "test": {
            "0": {
                "precision": 0.8351510817092794,
                "recall": 0.9342,
                "f1-score": 0.8819031435853866,
                "support": 10000
            },
            "1": {
                "precision": 0.9253460403902882,
                "recall": 0.8156,
                "f1-score": 0.8670139257999363,
                "support": 10000
            },
            "accuracy": 0.8749,
            "macro avg": {
                "precision": 0.8802485610497839,
                "recall": 0.8749,
                "f1-score": 0.8744585346926614,
                "support": 20000
            },
            "weighted avg": {
                "precision": 0.8802485610497839,
                "recall": 0.8749,
                "f1-score": 0.8744585346926614,
                "support": 20000
            },
            "roc_auc": 0.9270989750000002,
            "score": 0.9270989750000002
        }
    },
    "time": "0:09:05"
}
