{
    "dataset": "broken_machine",
    "algorithm": "ft_transformer",
    "config": {
        "data": {
            "cat_policy": "indices",
            "normalization": "quantile",
            "path": "data/broken_machine"
        },
        "model": {
            "activation": "reglu",
            "attention_dropout": 0.4178066644252025,
            "d_ffn_factor": 1.333333333333333,
            "d_token": 432,
            "ffn_dropout": 0.06337002372307488,
            "initialization": "kaiming",
            "n_heads": 8,
            "n_layers": 3,
            "prenormalization": true,
            "residual_dropout": 0.0
        },
        "seed": 3,
        "training": {
            "batch_size": 1024,
            "eval_batch_size": 8192,
            "lr": 7.523375809438358e-05,
            "n_epochs": 1000000000,
            "optimizer": "adamw",
            "patience": 16,
            "weight_decay": 0.0002871929965055266
        }
    },
    "environment": {
        "devices": {
            "CUDA_VISIBLE_DEVICES": "1,2,3",
            "torch.version.cuda": "10.1",
            "torch.backends.cudnn.version()": 7603,
            "torch.cuda.nccl.version()": 2708,
            "driver": "455.32.00",
            "1": {
                "name": "Tesla V100-PCIE-16GB",
                "total_memory": 16945512448
            },
            "2": {
                "name": "Tesla V100-PCIE-16GB",
                "total_memory": 16945512448
            },
            "3": {
                "name": "Tesla V100-PCIE-16GB",
                "total_memory": 16945512448
            }
        }
    },
    "epoch_size": 563,
    "n_parameters": 4541179,
    "best_epoch": 115,
    "metrics": {
        "train": {
            "0": {
                "precision": 0.7932980570067674,
                "recall": 0.9476061924962812,
                "f1-score": 0.8636134371312697,
                "support": 399322
            },
            "1": {
                "precision": 0.7886752050422206,
                "recall": 0.4419452337019889,
                "f1-score": 0.5664642595454182,
                "support": 176678
            },
            "accuracy": 0.7925034722222222,
            "macro avg": {
                "precision": 0.790986631024494,
                "recall": 0.694775713099135,
                "f1-score": 0.715038848338344,
                "support": 576000
            },
            "weighted avg": {
                "precision": 0.7918800774244893,
                "recall": 0.7925034722222222,
                "f1-score": 0.7724680857466985,
                "support": 576000
            },
            "roc_auc": 0.8169470095913139,
            "score": 0.8169470095913139
        },
        "val": {
            "0": {
                "precision": 0.7921076263291734,
                "recall": 0.945427226284684,
                "f1-score": 0.8620029865332012,
                "support": 99830
            },
            "1": {
                "precision": 0.7807381172777398,
                "recall": 0.4391894951324428,
                "f1-score": 0.5621513540142284,
                "support": 44170
            },
            "accuracy": 0.7901458333333333,
            "macro avg": {
                "precision": 0.7864228718034566,
                "recall": 0.6923083607085634,
                "f1-score": 0.7120771702737148,
                "support": 144000
            },
            "weighted avg": {
                "precision": 0.7886201873374942,
                "recall": 0.7901458333333333,
                "f1-score": 0.7700276628640135,
                "support": 144000
            },
            "roc_auc": 0.8107625547764458,
            "score": 0.8107625547764458
        },
        "test": {
            "0": {
                "precision": 0.792382971016923,
                "recall": 0.9466775651504953,
                "f1-score": 0.8626855317206755,
                "support": 124788
            },
            "1": {
                "precision": 0.7847507521107625,
                "recall": 0.4393791204810548,
                "f1-score": 0.563343976777939,
                "support": 55212
            },
            "accuracy": 0.7910722222222222,
            "macro avg": {
                "precision": 0.7885668615638428,
                "recall": 0.6930283428157751,
                "f1-score": 0.7130147542493073,
                "support": 180000
            },
            "weighted avg": {
                "precision": 0.7900419150711067,
                "recall": 0.7910722222222222,
                "f1-score": 0.770867498767907,
                "support": 180000
            },
            "roc_auc": 0.8116854796907038,
            "score": 0.8116854796907038
        }
    },
    "time": "3:02:08"
}
