{
    "dataset": "vehicleNorm",
    "algorithm": "ft_transformer",
    "config": {
        "data": {
            "cat_policy": "indices",
            "normalization": "quantile",
            "path": "data/vehicleNorm"
        },
        "model": {
            "activation": "reglu",
            "attention_dropout": 0.4196916057583969,
            "d_ffn_factor": 2.509054785477425,
            "d_token": 144,
            "ffn_dropout": 0.1764610276920801,
            "initialization": "kaiming",
            "n_heads": 8,
            "n_layers": 2,
            "prenormalization": true,
            "residual_dropout": 0.0
        },
        "seed": 2,
        "training": {
            "batch_size": 256,
            "eval_batch_size": 8192,
            "lr": 3.201968805382119e-05,
            "n_epochs": 1000000000,
            "optimizer": "adamw",
            "patience": 16,
            "weight_decay": 1.183332535426216e-05
        }
    },
    "environment": {
        "devices": {
            "CUDA_VISIBLE_DEVICES": "1,0,3",
            "torch.version.cuda": "10.1",
            "torch.backends.cudnn.version()": 7603,
            "torch.cuda.nccl.version()": 2708,
            "driver": "455.32.00",
            "1": {
                "name": "Tesla V100-PCIE-16GB",
                "total_memory": 16945512448
            },
            "0": {
                "name": "Tesla V100-PCIE-16GB",
                "total_memory": 16945512448
            },
            "3": {
                "name": "Tesla V100-PCIE-16GB",
                "total_memory": 16945512448
            }
        }
    },
    "epoch_size": 235,
    "n_parameters": 510917,
    "best_epoch": 74,
    "metrics": {
        "train": {
            "0": {
                "precision": 0.8452303120356612,
                "recall": 0.9480666666666666,
                "f1-score": 0.8936999214454046,
                "support": 30000
            },
            "1": {
                "precision": 0.9408728652751424,
                "recall": 0.8264,
                "f1-score": 0.8799290150842947,
                "support": 30000
            },
            "accuracy": 0.8872333333333333,
            "macro avg": {
                "precision": 0.8930515886554018,
                "recall": 0.8872333333333333,
                "f1-score": 0.8868144682648496,
                "support": 60000
            },
            "weighted avg": {
                "precision": 0.8930515886554018,
                "recall": 0.8872333333333333,
                "f1-score": 0.8868144682648497,
                "support": 60000
            },
            "roc_auc": 0.9357434149999999,
            "score": 0.9357434149999999
        },
        "val": {
            "0": {
                "precision": 0.84214603912454,
                "recall": 0.9386873920552677,
                "f1-score": 0.8877998979070955,
                "support": 9264
            },
            "1": {
                "precision": 0.9307485979029505,
                "recall": 0.8240500863557858,
                "f1-score": 0.8741555021184014,
                "support": 9264
            },
            "accuracy": 0.8813687392055267,
            "macro avg": {
                "precision": 0.8864473185137453,
                "recall": 0.8813687392055267,
                "f1-score": 0.8809777000127484,
                "support": 18528
            },
            "weighted avg": {
                "precision": 0.8864473185137454,
                "recall": 0.8813687392055267,
                "f1-score": 0.8809777000127484,
                "support": 18528
            },
            "roc_auc": 0.9270128208605898,
            "score": 0.9270128208605898
        },
        "test": {
            "0": {
                "precision": 0.8362322718758363,
                "recall": 0.9375,
                "f1-score": 0.8839752958370656,
                "support": 10000
            },
            "1": {
                "precision": 0.9288883832062805,
                "recall": 0.8164,
                "f1-score": 0.8690191069242642,
                "support": 10000
            },
            "accuracy": 0.87695,
            "macro avg": {
                "precision": 0.8825603275410584,
                "recall": 0.87695,
                "f1-score": 0.8764972013806649,
                "support": 20000
            },
            "weighted avg": {
                "precision": 0.8825603275410584,
                "recall": 0.87695,
                "f1-score": 0.876497201380665,
                "support": 20000
            },
            "roc_auc": 0.9270589800000001,
            "score": 0.9270589800000001
        }
    },
    "time": "0:09:17"
}
