{
    "config": {
        "data": {
            "cat_policy": "indices",
            "path": "data/diabetes",
            "y_policy": "mean_std"
        },
        "fit": {
            "early_stopping_rounds": 50,
            "verbose": true
        },
        "model": {
            "colsample_bytree": 0.5130428674839884,
            "learning_rate": 0.01062543325750261,
            "min_child_samples": 85,
            "min_child_weight": 0.004890204977307022,
            "n_estimators": 2000,
            "n_jobs": 20,
            "num_leaves": 91,
            "reg_lambda": 0.0,
            "subsample": 0.7783051627297967
        },
        "seed": 1
    },
    "environment": {
        "devices": {
            "CUDA_VISIBLE_DEVICES": "2,3",
            "torch.version.cuda": "10.1",
            "torch.backends.cudnn.version()": 7603,
            "torch.cuda.nccl.version()": 2708,
            "driver": "455.32.00",
            "2": {
                "name": "Tesla V100-PCIE-16GB",
                "total_memory": 16945512448
            },
            "3": {
                "name": "Tesla V100-PCIE-16GB",
                "total_memory": 16945512448
            }
        }
    },
    "dataset": "diabetes",
    "algorithm": "lightgbm_",
    "metrics": {
        "train": {
            "0": {
                "precision": 0.7172227231740307,
                "recall": 0.7932469012679869,
                "f1-score": 0.7533216073603031,
                "support": 35095
            },
            "1": {
                "precision": 0.724253249220947,
                "recall": 0.6345475128188054,
                "f1-score": 0.676439270249166,
                "support": 30034
            },
            "accuracy": 0.7200632590704602,
            "macro avg": {
                "precision": 0.7207379861974889,
                "recall": 0.7138972070433962,
                "f1-score": 0.7148804388047345,
                "support": 65129
            },
            "weighted avg": {
                "precision": 0.7204648245312307,
                "recall": 0.7200632590704602,
                "f1-score": 0.7178675989647206,
                "support": 65129
            },
            "roc_auc": 0.7948911127677372,
            "score": 0.7948911127677372
        },
        "val": {
            "0": {
                "precision": 0.6701941847323538,
                "recall": 0.7475360990144396,
                "f1-score": 0.7067555122162631,
                "support": 8726
            },
            "1": {
                "precision": 0.6636641221374046,
                "recall": 0.575228265184597,
                "f1-score": 0.6162897852130148,
                "support": 7557
            },
            "accuracy": 0.6675674015844746,
            "macro avg": {
                "precision": 0.6669291534348791,
                "recall": 0.6613821820995183,
                "f1-score": 0.661522648714639,
                "support": 16283
            },
            "weighted avg": {
                "precision": 0.6671635587402129,
                "recall": 0.6675674015844746,
                "f1-score": 0.6647700366304652,
                "support": 16283
            },
            "roc_auc": 0.7309841036679566,
            "score": 0.7309841036679566
        },
        "test": {
            "0": {
                "precision": 0.6757898156420044,
                "recall": 0.7535090102327267,
                "f1-score": 0.7125363932180169,
                "support": 11043
            },
            "1": {
                "precision": 0.6614848899390623,
                "recall": 0.5712598002362796,
                "f1-score": 0.6130705394190871,
                "support": 9311
            },
            "accuracy": 0.6701385477056107,
            "macro avg": {
                "precision": 0.6686373527905334,
                "recall": 0.6623844052345031,
                "f1-score": 0.662803466318552,
                "support": 20354
            },
            "weighted avg": {
                "precision": 0.6692459833132192,
                "recall": 0.6701385477056107,
                "f1-score": 0.6670354319955626,
                "support": 20354
            },
            "roc_auc": 0.7311130245265253,
            "score": 0.7311130245265253
        }
    },
    "time": "0:00:19"
}
