{
    "dataset": "nomao",
    "algorithm": "ft_transformer",
    "config": {
        "data": {
            "cat_policy": "indices",
            "normalization": "quantile",
            "path": "data/nomao"
        },
        "model": {
            "activation": "reglu",
            "attention_dropout": 0.1626716818652701,
            "d_ffn_factor": 1.845241078904277,
            "d_token": 96,
            "ffn_dropout": 0.06559127961509764,
            "initialization": "kaiming",
            "n_heads": 8,
            "n_layers": 4,
            "prenormalization": true,
            "residual_dropout": 0.0
        },
        "seed": 6,
        "training": {
            "batch_size": 256,
            "eval_batch_size": 8192,
            "lr": 0.0001844643568489571,
            "n_epochs": 1000000000,
            "optimizer": "adamw",
            "patience": 16,
            "weight_decay": 2.942391900026969e-06
        }
    },
    "environment": {
        "devices": {
            "CUDA_VISIBLE_DEVICES": "1,0,3",
            "torch.version.cuda": "10.1",
            "torch.backends.cudnn.version()": 7603,
            "torch.cuda.nccl.version()": 2708,
            "driver": "455.32.00",
            "1": {
                "name": "Tesla V100-PCIE-16GB",
                "total_memory": 16945512448
            },
            "0": {
                "name": "Tesla V100-PCIE-16GB",
                "total_memory": 16945512448
            },
            "3": {
                "name": "Tesla V100-PCIE-16GB",
                "total_memory": 16945512448
            }
        }
    },
    "epoch_size": 88,
    "n_parameters": 384457,
    "best_epoch": 23,
    "metrics": {
        "train": {
            "0": {
                "precision": 0.921091664194601,
                "recall": 0.9678927680798005,
                "f1-score": 0.9439124487004105,
                "support": 6416
            },
            "1": {
                "precision": 0.986898174648604,
                "recall": 0.9668515172284877,
                "f1-score": 0.976772000503588,
                "support": 16049
            },
            "accuracy": 0.967148898286223,
            "macro avg": {
                "precision": 0.9539949194216024,
                "recall": 0.9673721426541442,
                "f1-score": 0.9603422246019993,
                "support": 22465
            },
            "weighted avg": {
                "precision": 0.9681038469801025,
                "recall": 0.967148898286223,
                "f1-score": 0.9673873183593998,
                "support": 22465
            },
            "roc_auc": 0.9949850483222439,
            "score": 0.9949850483222439
        },
        "val": {
            "0": {
                "precision": 0.9040570175438597,
                "recall": 0.9620770128354725,
                "f1-score": 0.9321650650084795,
                "support": 1714
            },
            "1": {
                "precision": 0.9844348659003831,
                "recall": 0.9591693887074195,
                "f1-score": 0.9716379106594186,
                "support": 4286
            },
            "accuracy": 0.96,
            "macro avg": {
                "precision": 0.9442459417221214,
                "recall": 0.960623200771446,
                "f1-score": 0.9519014878339491,
                "support": 6000
            },
            "weighted avg": {
                "precision": 0.9614735938865362,
                "recall": 0.96,
                "f1-score": 0.960361834418467,
                "support": 6000
            },
            "roc_auc": 0.9935135207244449,
            "score": 0.9935135207244449
        },
        "test": {
            "0": {
                "precision": 0.9092436974789916,
                "recall": 0.9469078179696616,
                "f1-score": 0.9276936267505002,
                "support": 1714
            },
            "1": {
                "precision": 0.9784104389086595,
                "recall": 0.9622025198320112,
                "f1-score": 0.9702387954358311,
                "support": 4286
            },
            "accuracy": 0.9578333333333333,
            "macro avg": {
                "precision": 0.9438270681938256,
                "recall": 0.9545551689008365,
                "f1-score": 0.9489662110931656,
                "support": 6000
            },
            "weighted avg": {
                "precision": 0.958651806440251,
                "recall": 0.9578333333333333,
                "f1-score": 0.9580850589147215,
                "support": 6000
            },
            "roc_auc": 0.9923207958831528,
            "score": 0.9923207958831528
        }
    },
    "time": "0:03:18"
}
