{
    "dataset": "diabetes",
    "algorithm": "ft_transformer",
    "config": {
        "data": {
            "normalization": "quantile",
            "path": "data/diabetes"
        },
        "model": {
            "activation": "reglu",
            "attention_dropout": 0.1438936562150713,
            "d_ffn_factor": 1.440042303813482,
            "d_token": 240,
            "ffn_dropout": 0.00888673617279813,
            "initialization": "kaiming",
            "n_heads": 8,
            "n_layers": 3,
            "prenormalization": true,
            "residual_dropout": 0.02689855920626202
        },
        "seed": 0,
        "training": {
            "batch_size": 512,
            "eval_batch_size": 8192,
            "lr": 3.016356975543347e-05,
            "n_epochs": 1000000000,
            "optimizer": "adamw",
            "patience": 16,
            "weight_decay": 1.767979803602082e-05
        }
    },
    "environment": {
        "devices": {
            "CUDA_VISIBLE_DEVICES": "1,2,3",
            "torch.version.cuda": "10.1",
            "torch.backends.cudnn.version()": 7603,
            "torch.cuda.nccl.version()": 2708,
            "driver": "455.32.00",
            "1": {
                "name": "Tesla V100-PCIE-16GB",
                "total_memory": 16945512448
            },
            "2": {
                "name": "Tesla V100-PCIE-16GB",
                "total_memory": 16945512448
            },
            "3": {
                "name": "Tesla V100-PCIE-16GB",
                "total_memory": 16945512448
            }
        }
    },
    "epoch_size": 128,
    "n_parameters": 2012551,
    "best_epoch": 11,
    "metrics": {
        "train": {
            "0": {
                "precision": 0.6941701927597556,
                "recall": 0.757287362872204,
                "f1-score": 0.7243564410405963,
                "support": 35095
            },
            "1": {
                "precision": 0.6826733226539508,
                "recall": 0.6101418392488513,
                "f1-score": 0.6443729451272043,
                "support": 30034
            },
            "accuracy": 0.6894317431558906,
            "macro avg": {
                "precision": 0.6884217577068532,
                "recall": 0.6837146010605277,
                "f1-score": 0.6843646930839002,
                "support": 65129
            },
            "weighted avg": {
                "precision": 0.6888684531851,
                "recall": 0.6894317431558906,
                "f1-score": 0.6874723446125409,
                "support": 65129
            },
            "roc_auc": 0.7585129084316589,
            "score": 0.7585129084316589
        },
        "val": {
            "0": {
                "precision": 0.6755458059124622,
                "recall": 0.7411184964473986,
                "f1-score": 0.7068145800316958,
                "support": 8726
            },
            "1": {
                "precision": 0.6633383010432191,
                "recall": 0.5889903400820431,
                "f1-score": 0.6239573841732671,
                "support": 7557
            },
            "accuracy": 0.6705152613154824,
            "macro avg": {
                "precision": 0.6694420534778407,
                "recall": 0.6650544182647209,
                "f1-score": 0.6653859821024815,
                "support": 16283
            },
            "weighted avg": {
                "precision": 0.6698802581450439,
                "recall": 0.6705152613154824,
                "f1-score": 0.6683602516461314,
                "support": 16283
            },
            "roc_auc": 0.7326638883017602,
            "score": 0.7326638883017602
        },
        "test": {
            "0": {
                "precision": 0.6792186201163757,
                "recall": 0.7399257448157204,
                "f1-score": 0.7082737398691111,
                "support": 11043
            },
            "1": {
                "precision": 0.6549735703988467,
                "recall": 0.5855439802384277,
                "f1-score": 0.6183158491635952,
                "support": 9311
            },
            "accuracy": 0.6693033310405817,
            "macro avg": {
                "precision": 0.6670960952576113,
                "recall": 0.662734862527074,
                "f1-score": 0.6632947945163532,
                "support": 20354
            },
            "weighted avg": {
                "precision": 0.6681276474368084,
                "recall": 0.6693033310405817,
                "f1-score": 0.6671222256527871,
                "support": 20354
            },
            "roc_auc": 0.7298641645254047,
            "score": 0.7298641645254047
        }
    },
    "time": "0:02:50"
}
