{
    "dataset": "vehicleNorm",
    "algorithm": "ft_transformer",
    "config": {
        "data": {
            "cat_policy": "indices",
            "normalization": "quantile",
            "path": "data/vehicleNorm"
        },
        "model": {
            "activation": "reglu",
            "attention_dropout": 0.4196916057583969,
            "d_ffn_factor": 2.509054785477425,
            "d_token": 144,
            "ffn_dropout": 0.1764610276920801,
            "initialization": "kaiming",
            "n_heads": 8,
            "n_layers": 2,
            "prenormalization": true,
            "residual_dropout": 0.0
        },
        "seed": 7,
        "training": {
            "batch_size": 256,
            "eval_batch_size": 8192,
            "lr": 3.201968805382119e-05,
            "n_epochs": 1000000000,
            "optimizer": "adamw",
            "patience": 16,
            "weight_decay": 1.183332535426216e-05
        }
    },
    "environment": {
        "devices": {
            "CUDA_VISIBLE_DEVICES": "1,0,3",
            "torch.version.cuda": "10.1",
            "torch.backends.cudnn.version()": 7603,
            "torch.cuda.nccl.version()": 2708,
            "driver": "455.32.00",
            "1": {
                "name": "Tesla V100-PCIE-16GB",
                "total_memory": 16945512448
            },
            "0": {
                "name": "Tesla V100-PCIE-16GB",
                "total_memory": 16945512448
            },
            "3": {
                "name": "Tesla V100-PCIE-16GB",
                "total_memory": 16945512448
            }
        }
    },
    "epoch_size": 235,
    "n_parameters": 510917,
    "best_epoch": 61,
    "metrics": {
        "train": {
            "0": {
                "precision": 0.8525788009416368,
                "recall": 0.9295666666666667,
                "f1-score": 0.8894098135833772,
                "support": 30000
            },
            "1": {
                "precision": 0.9225752079440108,
                "recall": 0.8392666666666667,
                "f1-score": 0.878951318706254,
                "support": 30000
            },
            "accuracy": 0.8844166666666666,
            "macro avg": {
                "precision": 0.8875770044428238,
                "recall": 0.8844166666666666,
                "f1-score": 0.8841805661448157,
                "support": 60000
            },
            "weighted avg": {
                "precision": 0.8875770044428238,
                "recall": 0.8844166666666666,
                "f1-score": 0.8841805661448157,
                "support": 60000
            },
            "roc_auc": 0.9331659027777777,
            "score": 0.9331659027777777
        },
        "val": {
            "0": {
                "precision": 0.8507611182966869,
                "recall": 0.9230354058721935,
                "f1-score": 0.885425834843386,
                "support": 9264
            },
            "1": {
                "precision": 0.9158900554441429,
                "recall": 0.8380829015544041,
                "f1-score": 0.8752606955639478,
                "support": 9264
            },
            "accuracy": 0.8805591537132987,
            "macro avg": {
                "precision": 0.8833255868704148,
                "recall": 0.8805591537132988,
                "f1-score": 0.8803432652036669,
                "support": 18528
            },
            "weighted avg": {
                "precision": 0.883325586870415,
                "recall": 0.8805591537132987,
                "f1-score": 0.8803432652036669,
                "support": 18528
            },
            "roc_auc": 0.9277166347306863,
            "score": 0.9277166347306863
        },
        "test": {
            "0": {
                "precision": 0.8440628156855542,
                "recall": 0.9191,
                "f1-score": 0.8799846809325483,
                "support": 10000
            },
            "1": {
                "precision": 0.9112062342223686,
                "recall": 0.8302,
                "f1-score": 0.8688190047616556,
                "support": 10000
            },
            "accuracy": 0.87465,
            "macro avg": {
                "precision": 0.8776345249539614,
                "recall": 0.87465,
                "f1-score": 0.874401842847102,
                "support": 20000
            },
            "weighted avg": {
                "precision": 0.8776345249539614,
                "recall": 0.87465,
                "f1-score": 0.874401842847102,
                "support": 20000
            },
            "roc_auc": 0.92619536,
            "score": 0.92619536
        }
    },
    "time": "0:15:49"
}
