{
    "dataset": "nomao",
    "algorithm": "ft_transformer",
    "config": {
        "data": {
            "cat_policy": "indices",
            "normalization": "quantile",
            "path": "data/nomao"
        },
        "model": {
            "activation": "reglu",
            "attention_dropout": 0.1626716818652701,
            "d_ffn_factor": 1.845241078904277,
            "d_token": 96,
            "ffn_dropout": 0.06559127961509764,
            "initialization": "kaiming",
            "n_heads": 8,
            "n_layers": 4,
            "prenormalization": true,
            "residual_dropout": 0.0
        },
        "seed": 2,
        "training": {
            "batch_size": 256,
            "eval_batch_size": 8192,
            "lr": 0.0001844643568489571,
            "n_epochs": 1000000000,
            "optimizer": "adamw",
            "patience": 16,
            "weight_decay": 2.942391900026969e-06
        }
    },
    "environment": {
        "devices": {
            "CUDA_VISIBLE_DEVICES": "1,0,3",
            "torch.version.cuda": "10.1",
            "torch.backends.cudnn.version()": 7603,
            "torch.cuda.nccl.version()": 2708,
            "driver": "455.32.00",
            "1": {
                "name": "Tesla V100-PCIE-16GB",
                "total_memory": 16945512448
            },
            "0": {
                "name": "Tesla V100-PCIE-16GB",
                "total_memory": 16945512448
            },
            "3": {
                "name": "Tesla V100-PCIE-16GB",
                "total_memory": 16945512448
            }
        }
    },
    "epoch_size": 88,
    "n_parameters": 384457,
    "best_epoch": 33,
    "metrics": {
        "train": {
            "0": {
                "precision": 0.9610164141414141,
                "recall": 0.9490336658354115,
                "f1-score": 0.9549874529485571,
                "support": 6416
            },
            "1": {
                "precision": 0.9797259594519189,
                "recall": 0.9846096329989408,
                "f1-score": 0.9821617254024488,
                "support": 16049
            },
            "accuracy": 0.9744491431115068,
            "macro avg": {
                "precision": 0.9703711867966665,
                "recall": 0.9668216494171762,
                "f1-score": 0.968574589175503,
                "support": 22465
            },
            "weighted avg": {
                "precision": 0.9743825166425621,
                "recall": 0.9744491431115068,
                "f1-score": 0.9744007580281258,
                "support": 22465
            },
            "roc_auc": 0.9966618848386544,
            "score": 0.9966618848386544
        },
        "val": {
            "0": {
                "precision": 0.9422510312315852,
                "recall": 0.9329054842473745,
                "f1-score": 0.9375549692172384,
                "support": 1714
            },
            "1": {
                "precision": 0.9732744596792935,
                "recall": 0.9771348576761549,
                "f1-score": 0.9752008382815229,
                "support": 4286
            },
            "accuracy": 0.9645,
            "macro avg": {
                "precision": 0.9577627454554394,
                "recall": 0.9550201709617647,
                "f1-score": 0.9563779037493807,
                "support": 6000
            },
            "weighted avg": {
                "precision": 0.9644121002860649,
                "recall": 0.9645,
                "f1-score": 0.964446668352159,
                "support": 6000
            },
            "roc_auc": 0.9939695385535169,
            "score": 0.9939695385535169
        },
        "test": {
            "0": {
                "precision": 0.9428055388320289,
                "recall": 0.9136522753792299,
                "f1-score": 0.928,
                "support": 1714
            },
            "1": {
                "precision": 0.9658907582392257,
                "recall": 0.9778348110125992,
                "f1-score": 0.9718260869565216,
                "support": 4286
            },
            "accuracy": 0.9595,
            "macro avg": {
                "precision": 0.9543481485356273,
                "recall": 0.9457435431959145,
                "f1-score": 0.9499130434782608,
                "support": 6000
            },
            "weighted avg": {
                "precision": 0.9592960805619032,
                "recall": 0.9595,
                "f1-score": 0.9593064347826088,
                "support": 6000
            },
            "roc_auc": 0.993308380763725,
            "score": 0.993308380763725
        }
    },
    "time": "0:04:27"
}
