{
    "config": {
        "data": {
            "cat_policy": "indices",
            "path": "data/nomao",
            "y_policy": "mean_std"
        },
        "fit": {
            "early_stopping_rounds": 50,
            "verbose": true
        },
        "model": {
            "colsample_bytree": 0.8049146089492032,
            "learning_rate": 0.0369702442162517,
            "min_child_samples": 78,
            "min_child_weight": 0.01342525377980585,
            "n_estimators": 2000,
            "n_jobs": 20,
            "num_leaves": 73,
            "reg_lambda": 0.0,
            "subsample": 0.5899126531544889
        },
        "seed": 0
    },
    "environment": {
        "devices": {
            "CUDA_VISIBLE_DEVICES": "0",
            "torch.version.cuda": "10.1",
            "torch.backends.cudnn.version()": 7603,
            "torch.cuda.nccl.version()": 2708,
            "driver": "455.32.00",
            "0": {
                "name": "Tesla V100-PCIE-16GB",
                "total_memory": 16945512448
            }
        }
    },
    "dataset": "nomao",
    "algorithm": "lightgbm_",
    "metrics": {
        "train": {
            "0": {
                "precision": 0.9989096573208722,
                "recall": 0.9995324189526185,
                "f1-score": 0.9992209411031474,
                "support": 6416
            },
            "1": {
                "precision": 0.9998130258647554,
                "recall": 0.9995638357530064,
                "f1-score": 0.9996884152801148,
                "support": 16049
            },
            "accuracy": 0.9995548631204095,
            "macro avg": {
                "precision": 0.9993613415928138,
                "recall": 0.9995481273528124,
                "f1-score": 0.9994546781916311,
                "support": 22465
            },
            "weighted avg": {
                "precision": 0.9995550239694714,
                "recall": 0.9995548631204095,
                "f1-score": 0.9995549047384089,
                "support": 22465
            },
            "roc_auc": 0.9999960862533056,
            "score": 0.9999960862533056
        },
        "val": {
            "0": {
                "precision": 0.9566490919742238,
                "recall": 0.9527421236872812,
                "f1-score": 0.9546916106401636,
                "support": 1714
            },
            "1": {
                "precision": 0.9811320754716981,
                "recall": 0.9827344843677088,
                "f1-score": 0.9819326261802075,
                "support": 4286
            },
            "accuracy": 0.9741666666666666,
            "macro avg": {
                "precision": 0.9688905837229609,
                "recall": 0.9677383040274949,
                "f1-score": 0.9683121184101855,
                "support": 6000
            },
            "weighted avg": {
                "precision": 0.9741381031859195,
                "recall": 0.9741666666666666,
                "f1-score": 0.9741507760742683,
                "support": 6000
            },
            "roc_auc": 0.9963862969228735,
            "score": 0.9963862969228735
        },
        "test": {
            "0": {
                "precision": 0.9552150854449027,
                "recall": 0.9457409568261377,
                "f1-score": 0.950454412195837,
                "support": 1714
            },
            "1": {
                "precision": 0.978387171740646,
                "recall": 0.9822678488100793,
                "f1-score": 0.9803236698102223,
                "support": 4286
            },
            "accuracy": 0.9718333333333333,
            "macro avg": {
                "precision": 0.9668011285927745,
                "recall": 0.9640044028181085,
                "f1-score": 0.9653890410030297,
                "support": 6000
            },
            "weighted avg": {
                "precision": 0.9717676790888288,
                "recall": 0.9718333333333333,
                "f1-score": 0.971791018551713,
                "support": 6000
            },
            "roc_auc": 0.9959598181591471,
            "score": 0.9959598181591471
        }
    },
    "time": "0:00:04"
}
