{
    "config": {
        "data": {
            "cat_policy": "indices",
            "path": "data/telecom",
            "y_policy": "mean_std"
        },
        "fit": {
            "early_stopping_rounds": 50,
            "verbose": true
        },
        "model": {
            "colsample_bytree": 0.5257201246249155,
            "learning_rate": 0.02697313064216779,
            "min_child_samples": 74,
            "min_child_weight": 1.102605078615191e-05,
            "n_estimators": 2000,
            "n_jobs": 1,
            "num_leaves": 83,
            "reg_lambda": 0.0,
            "subsample": 0.7760549229690422
        },
        "seed": 4
    },
    "environment": {
        "devices": {
            "CUDA_VISIBLE_DEVICES": "2,3",
            "torch.version.cuda": "10.2",
            "torch.backends.cudnn.version()": 7605,
            "torch.cuda.nccl.version()": [
                2,
                10,
                3
            ],
            "driver": "440.118.02",
            "2": {
                "name": "Tesla P40",
                "total_memory": 24032378880
            },
            "3": {
                "name": "Tesla P40",
                "total_memory": 24032378880
            }
        }
    },
    "dataset": "telecom",
    "algorithm": "lightgbm_",
    "metrics": {
        "train": {
            "0": {
                "precision": 0.7609492062444305,
                "recall": 0.9877474081055608,
                "f1-score": 0.8596409462910833,
                "support": 23342
            },
            "1": {
                "precision": 0.8793248945147679,
                "recall": 0.22343733247560846,
                "f1-score": 0.3563306830811319,
                "support": 9327
            },
            "accuracy": 0.7695368698154214,
            "macro avg": {
                "precision": 0.8201370503795993,
                "recall": 0.6055923702905847,
                "f1-score": 0.6079858146861077,
                "support": 32669
            },
            "weighted avg": {
                "precision": 0.7947454670573553,
                "recall": 0.7695368698154214,
                "f1-score": 0.7159458584414639,
                "support": 32669
            },
            "roc_auc": 0.8601668073165345,
            "score": 0.8601668073165345
        },
        "val": {
            "0": {
                "precision": 0.7220792588780237,
                "recall": 0.9727855780897903,
                "f1-score": 0.8288900376633926,
                "support": 5769
            },
            "1": {
                "precision": 0.6035353535353535,
                "recall": 0.0996248436848687,
                "f1-score": 0.17101967799642218,
                "support": 2399
            },
            "accuracy": 0.7163320274240941,
            "macro avg": {
                "precision": 0.6628073062066886,
                "recall": 0.5362052108873295,
                "f1-score": 0.4999548578299074,
                "support": 8168
            },
            "weighted avg": {
                "precision": 0.6872620663073741,
                "recall": 0.7163320274240941,
                "f1-score": 0.6356688093527827,
                "support": 8168
            },
            "roc_auc": 0.6662878325609612,
            "score": 0.6662878325609612
        },
        "test": {
            "0": {
                "precision": 0.7221591495510372,
                "recall": 0.9684429065743945,
                "f1-score": 0.8273619486815655,
                "support": 7225
            },
            "1": {
                "precision": 0.5623800383877159,
                "recall": 0.09815745393634841,
                "f1-score": 0.16714204221334852,
                "support": 2985
            },
            "accuracy": 0.7140058765915769,
            "macro avg": {
                "precision": 0.6422695939693766,
                "recall": 0.5333001802553714,
                "f1-score": 0.497251995447457,
                "support": 10210
            },
            "weighted avg": {
                "precision": 0.6754460597545129,
                "recall": 0.7140058765915769,
                "f1-score": 0.6343397723047166,
                "support": 10210
            },
            "roc_auc": 0.6686736102658623,
            "score": 0.6686736102658623
        }
    },
    "time": "0:00:07"
}
