{
    "dataset": "broken_machine",
    "algorithm": "ft_transformer",
    "config": {
        "data": {
            "cat_policy": "indices",
            "normalization": "quantile",
            "path": "data/broken_machine"
        },
        "model": {
            "activation": "reglu",
            "attention_dropout": 0.4178066644252025,
            "d_ffn_factor": 1.333333333333333,
            "d_token": 432,
            "ffn_dropout": 0.06337002372307488,
            "initialization": "kaiming",
            "n_heads": 8,
            "n_layers": 3,
            "prenormalization": true,
            "residual_dropout": 0.0
        },
        "seed": 8,
        "training": {
            "batch_size": 1024,
            "eval_batch_size": 8192,
            "lr": 7.523375809438358e-05,
            "n_epochs": 1000000000,
            "optimizer": "adamw",
            "patience": 16,
            "weight_decay": 0.0002871929965055266
        }
    },
    "environment": {
        "devices": {
            "CUDA_VISIBLE_DEVICES": "1,2,3",
            "torch.version.cuda": "10.1",
            "torch.backends.cudnn.version()": 7603,
            "torch.cuda.nccl.version()": 2708,
            "driver": "455.32.00",
            "1": {
                "name": "Tesla V100-PCIE-16GB",
                "total_memory": 16945512448
            },
            "2": {
                "name": "Tesla V100-PCIE-16GB",
                "total_memory": 16945512448
            },
            "3": {
                "name": "Tesla V100-PCIE-16GB",
                "total_memory": 16945512448
            }
        }
    },
    "epoch_size": 563,
    "n_parameters": 4541179,
    "best_epoch": 163,
    "metrics": {
        "train": {
            "0": {
                "precision": 0.7518484128780757,
                "recall": 0.9814310255883723,
                "f1-score": 0.8514349649134241,
                "support": 399322
            },
            "1": {
                "precision": 0.8645464177414052,
                "recall": 0.2678714950361675,
                "f1-score": 0.4090139140955838,
                "support": 176678
            },
            "accuracy": 0.7625590277777777,
            "macro avg": {
                "precision": 0.8081974153097404,
                "recall": 0.6246512603122698,
                "f1-score": 0.6302244395045039,
                "support": 576000
            },
            "weighted avg": {
                "precision": 0.7864165693073175,
                "recall": 0.7625590277777777,
                "f1-score": 0.7157299884960727,
                "support": 576000
            },
            "roc_auc": 0.7604888174553548,
            "score": 0.7604888174553548
        },
        "val": {
            "0": {
                "precision": 0.7472094398906054,
                "recall": 0.9743063207452669,
                "f1-score": 0.8457789313959504,
                "support": 99830
            },
            "1": {
                "precision": 0.8145202111504809,
                "recall": 0.25501471587050034,
                "f1-score": 0.3884204900084484,
                "support": 44170
            },
            "accuracy": 0.7536736111111111,
            "macro avg": {
                "precision": 0.7808648255205431,
                "recall": 0.6146605183078836,
                "f1-score": 0.6170997107021994,
                "support": 144000
            },
            "weighted avg": {
                "precision": 0.7678560841027492,
                "recall": 0.7536736111111111,
                "f1-score": 0.705490581700909,
                "support": 144000
            },
            "roc_auc": 0.7044297633348211,
            "score": 0.7044297633348211
        },
        "test": {
            "0": {
                "precision": 0.7471819052530759,
                "recall": 0.9752380036541975,
                "f1-score": 0.8461121308192893,
                "support": 124788
            },
            "1": {
                "precision": 0.819551506657323,
                "recall": 0.2541838730710715,
                "f1-score": 0.38802256138022556,
                "support": 55212
            },
            "accuracy": 0.7540666666666667,
            "macro avg": {
                "precision": 0.7833667059551994,
                "recall": 0.6147109383626346,
                "f1-score": 0.6170673460997574,
                "support": 180000
            },
            "weighted avg": {
                "precision": 0.7693800743238053,
                "recall": 0.7540666666666667,
                "f1-score": 0.7056007902200138,
                "support": 180000
            },
            "roc_auc": 0.704044273751762,
            "score": 0.704044273751762
        }
    },
    "time": "4:13:49"
}
