{
    "dataset": "diabetes",
    "algorithm": "ft_transformer",
    "config": {
        "data": {
            "normalization": "quantile",
            "path": "data/diabetes"
        },
        "model": {
            "activation": "reglu",
            "attention_dropout": 0.1438936562150713,
            "d_ffn_factor": 1.440042303813482,
            "d_token": 240,
            "ffn_dropout": 0.00888673617279813,
            "initialization": "kaiming",
            "n_heads": 8,
            "n_layers": 3,
            "prenormalization": true,
            "residual_dropout": 0.02689855920626202
        },
        "seed": 9,
        "training": {
            "batch_size": 512,
            "eval_batch_size": 8192,
            "lr": 3.016356975543347e-05,
            "n_epochs": 1000000000,
            "optimizer": "adamw",
            "patience": 16,
            "weight_decay": 1.767979803602082e-05
        }
    },
    "environment": {
        "devices": {
            "CUDA_VISIBLE_DEVICES": "2,3",
            "torch.version.cuda": "10.1",
            "torch.backends.cudnn.version()": 7603,
            "torch.cuda.nccl.version()": 2708,
            "driver": "455.32.00",
            "2": {
                "name": "Tesla V100-PCIE-16GB",
                "total_memory": 16945512448
            },
            "3": {
                "name": "Tesla V100-PCIE-16GB",
                "total_memory": 16945512448
            }
        }
    },
    "epoch_size": 128,
    "n_parameters": 2012551,
    "best_epoch": 11,
    "metrics": {
        "train": {
            "0": {
                "precision": 0.6958185006110196,
                "recall": 0.7463171391936173,
                "f1-score": 0.7201836754334108,
                "support": 35095
            },
            "1": {
                "precision": 0.6761014297667989,
                "recall": 0.6187653992142239,
                "f1-score": 0.646164009666035,
                "support": 30034
            },
            "accuracy": 0.6874971210981283,
            "macro avg": {
                "precision": 0.6859599651889092,
                "recall": 0.6825412692039206,
                "f1-score": 0.6831738425497229,
                "support": 65129
            },
            "weighted avg": {
                "precision": 0.6867260455489839,
                "recall": 0.6874971210981283,
                "f1-score": 0.6860497774515998,
                "support": 65129
            },
            "roc_auc": 0.7553652723522546,
            "score": 0.7553652723522546
        },
        "val": {
            "0": {
                "precision": 0.6768837803320562,
                "recall": 0.7288562915425166,
                "f1-score": 0.7019092815362543,
                "support": 8726
            },
            "1": {
                "precision": 0.6564541890518368,
                "recall": 0.5982532751091703,
                "f1-score": 0.6260038770423705,
                "support": 7557
            },
            "accuracy": 0.6682429527728305,
            "macro avg": {
                "precision": 0.6666689846919465,
                "recall": 0.6635547833258435,
                "f1-score": 0.6639565792893124,
                "support": 16283
            },
            "weighted avg": {
                "precision": 0.6674023321158418,
                "recall": 0.6682429527728305,
                "f1-score": 0.6666813050110267,
                "support": 16283
            },
            "roc_auc": 0.7278805988537085,
            "score": 0.7278805988537085
        },
        "test": {
            "0": {
                "precision": 0.6808062067802327,
                "recall": 0.7310513447432763,
                "f1-score": 0.705034714641282,
                "support": 11043
            },
            "1": {
                "precision": 0.6504237288135594,
                "recall": 0.5934915691118032,
                "f1-score": 0.6206547986746785,
                "support": 9311
            },
            "accuracy": 0.6681242016311291,
            "macro avg": {
                "precision": 0.6656149677968961,
                "recall": 0.6622714569275397,
                "f1-score": 0.6628447566579803,
                "support": 20354
            },
            "weighted avg": {
                "precision": 0.6669076486418964,
                "recall": 0.6681242016311291,
                "f1-score": 0.6664348621520885,
                "support": 20354
            },
            "roc_auc": 0.7290962745654057,
            "score": 0.7290962745654057
        }
    },
    "time": "0:03:38"
}
