{
    "dataset": "vehicleNorm",
    "algorithm": "ft_transformer",
    "config": {
        "data": {
            "cat_policy": "indices",
            "normalization": "quantile",
            "path": "data/vehicleNorm"
        },
        "model": {
            "activation": "reglu",
            "attention_dropout": 0.2,
            "d_ffn_factor": 1.333333333333333,
            "d_token": 192,
            "ffn_dropout": 0.1,
            "initialization": "kaiming",
            "n_heads": 8,
            "n_layers": 3,
            "prenormalization": true,
            "residual_dropout": 0.0
        },
        "seed": 0,
        "training": {
            "batch_size": 256,
            "eval_batch_size": 8192,
            "lr": 0.0001,
            "lr_n_decays": 0,
            "n_epochs": 1000000000,
            "optimizer": "adamw",
            "patience": 16,
            "weight_decay": 1e-05
        }
    },
    "environment": {
        "devices": {
            "CUDA_VISIBLE_DEVICES": "0",
            "torch.version.cuda": "10.1",
            "torch.backends.cudnn.version()": 7603,
            "torch.cuda.nccl.version()": 2708,
            "driver": "455.32.00",
            "0": {
                "name": "Tesla V100-PCIE-16GB",
                "total_memory": 16945512448
            }
        }
    },
    "epoch_size": 235,
    "n_parameters": 928507,
    "best_epoch": 30,
    "metrics": {
        "train": {
            "0": {
                "precision": 0.8488707210916363,
                "recall": 0.9621666666666666,
                "f1-score": 0.9019748765702144,
                "support": 30000
            },
            "1": {
                "precision": 0.9563394368364364,
                "recall": 0.8287,
                "f1-score": 0.8879562825916137,
                "support": 30000
            },
            "accuracy": 0.8954333333333333,
            "macro avg": {
                "precision": 0.9026050789640363,
                "recall": 0.8954333333333333,
                "f1-score": 0.894965579580914,
                "support": 60000
            },
            "weighted avg": {
                "precision": 0.9026050789640363,
                "recall": 0.8954333333333333,
                "f1-score": 0.894965579580914,
                "support": 60000
            },
            "roc_auc": 0.9432360061111111,
            "score": 0.8954333333333333
        },
        "val": {
            "0": {
                "precision": 0.8363967068734444,
                "recall": 0.9431131260794473,
                "f1-score": 0.8865550481988839,
                "support": 9264
            },
            "1": {
                "precision": 0.9347933679782232,
                "recall": 0.8155224525043178,
                "f1-score": 0.8710942003920212,
                "support": 9264
            },
            "accuracy": 0.8793177892918825,
            "macro avg": {
                "precision": 0.8855950374258338,
                "recall": 0.8793177892918825,
                "f1-score": 0.8788246242954525,
                "support": 18528
            },
            "weighted avg": {
                "precision": 0.8855950374258338,
                "recall": 0.8793177892918825,
                "f1-score": 0.8788246242954526,
                "support": 18528
            },
            "roc_auc": 0.9232495067447746,
            "score": 0.8793177892918825
        },
        "test": {
            "0": {
                "precision": 0.8304531828601658,
                "recall": 0.9419,
                "f1-score": 0.8826726642301566,
                "support": 10000
            },
            "1": {
                "precision": 0.9328944328944329,
                "recall": 0.8077,
                "f1-score": 0.8657948333154678,
                "support": 10000
            },
            "accuracy": 0.8748,
            "macro avg": {
                "precision": 0.8816738078772993,
                "recall": 0.8748,
                "f1-score": 0.8742337487728122,
                "support": 20000
            },
            "weighted avg": {
                "precision": 0.8816738078772992,
                "recall": 0.8748,
                "f1-score": 0.8742337487728122,
                "support": 20000
            },
            "roc_auc": 0.923301805,
            "score": 0.8748
        }
    },
    "time": "0:06:57"
}
