{
    "dataset": "vehicleNorm",
    "algorithm": "ft_transformer",
    "config": {
        "data": {
            "cat_policy": "indices",
            "normalization": "quantile",
            "path": "data/vehicleNorm"
        },
        "model": {
            "activation": "reglu",
            "attention_dropout": 0.4196916057583969,
            "d_ffn_factor": 2.509054785477425,
            "d_token": 144,
            "ffn_dropout": 0.1764610276920801,
            "initialization": "kaiming",
            "n_heads": 8,
            "n_layers": 2,
            "prenormalization": true,
            "residual_dropout": 0.0
        },
        "seed": 3,
        "training": {
            "batch_size": 256,
            "eval_batch_size": 8192,
            "lr": 3.201968805382119e-05,
            "n_epochs": 1000000000,
            "optimizer": "adamw",
            "patience": 16,
            "weight_decay": 1.183332535426216e-05
        }
    },
    "environment": {
        "devices": {
            "CUDA_VISIBLE_DEVICES": "1,0,3",
            "torch.version.cuda": "10.1",
            "torch.backends.cudnn.version()": 7603,
            "torch.cuda.nccl.version()": 2708,
            "driver": "455.32.00",
            "1": {
                "name": "Tesla V100-PCIE-16GB",
                "total_memory": 16945512448
            },
            "0": {
                "name": "Tesla V100-PCIE-16GB",
                "total_memory": 16945512448
            },
            "3": {
                "name": "Tesla V100-PCIE-16GB",
                "total_memory": 16945512448
            }
        }
    },
    "epoch_size": 235,
    "n_parameters": 510917,
    "best_epoch": 51,
    "metrics": {
        "train": {
            "0": {
                "precision": 0.8457223847290491,
                "recall": 0.9348333333333333,
                "f1-score": 0.8880480043064548,
                "support": 30000
            },
            "1": {
                "precision": 0.927158239874809,
                "recall": 0.8294666666666667,
                "f1-score": 0.8755959816323299,
                "support": 30000
            },
            "accuracy": 0.88215,
            "macro avg": {
                "precision": 0.8864403123019291,
                "recall": 0.88215,
                "f1-score": 0.8818219929693923,
                "support": 60000
            },
            "weighted avg": {
                "precision": 0.8864403123019291,
                "recall": 0.88215,
                "f1-score": 0.8818219929693925,
                "support": 60000
            },
            "roc_auc": 0.9321733750000002,
            "score": 0.9321733750000002
        },
        "val": {
            "0": {
                "precision": 0.8459193706981317,
                "recall": 0.9286485319516408,
                "f1-score": 0.8853555624163837,
                "support": 9264
            },
            "1": {
                "precision": 0.9209140942809284,
                "recall": 0.8308506044905009,
                "f1-score": 0.8735671319940983,
                "support": 9264
            },
            "accuracy": 0.8797495682210709,
            "macro avg": {
                "precision": 0.8834167324895301,
                "recall": 0.8797495682210708,
                "f1-score": 0.879461347205241,
                "support": 18528
            },
            "weighted avg": {
                "precision": 0.88341673248953,
                "recall": 0.8797495682210709,
                "f1-score": 0.879461347205241,
                "support": 18528
            },
            "roc_auc": 0.9271338159059452,
            "score": 0.9271338159059452
        },
        "test": {
            "0": {
                "precision": 0.8391127206880942,
                "recall": 0.9268,
                "f1-score": 0.8807792824899026,
                "support": 10000
            },
            "1": {
                "precision": 0.9182579564489112,
                "recall": 0.8223,
                "f1-score": 0.8676338696913743,
                "support": 10000
            },
            "accuracy": 0.87455,
            "macro avg": {
                "precision": 0.8786853385685027,
                "recall": 0.8745499999999999,
                "f1-score": 0.8742065760906385,
                "support": 20000
            },
            "weighted avg": {
                "precision": 0.8786853385685026,
                "recall": 0.87455,
                "f1-score": 0.8742065760906383,
                "support": 20000
            },
            "roc_auc": 0.926422065,
            "score": 0.926422065
        }
    },
    "time": "0:07:08"
}
