{
    "dataset": "diabetes",
    "algorithm": "ft_transformer",
    "config": {
        "data": {
            "normalization": "quantile",
            "path": "data/diabetes"
        },
        "model": {
            "activation": "reglu",
            "attention_dropout": 0.1438936562150713,
            "d_ffn_factor": 1.440042303813482,
            "d_token": 240,
            "ffn_dropout": 0.00888673617279813,
            "initialization": "kaiming",
            "n_heads": 8,
            "n_layers": 3,
            "prenormalization": true,
            "residual_dropout": 0.02689855920626202
        },
        "seed": 4,
        "training": {
            "batch_size": 512,
            "eval_batch_size": 8192,
            "lr": 3.016356975543347e-05,
            "n_epochs": 1000000000,
            "optimizer": "adamw",
            "patience": 16,
            "weight_decay": 1.767979803602082e-05
        }
    },
    "environment": {
        "devices": {
            "CUDA_VISIBLE_DEVICES": "2,3",
            "torch.version.cuda": "10.1",
            "torch.backends.cudnn.version()": 7603,
            "torch.cuda.nccl.version()": 2708,
            "driver": "455.32.00",
            "2": {
                "name": "Tesla V100-PCIE-16GB",
                "total_memory": 16945512448
            },
            "3": {
                "name": "Tesla V100-PCIE-16GB",
                "total_memory": 16945512448
            }
        }
    },
    "epoch_size": 128,
    "n_parameters": 2012551,
    "best_epoch": 14,
    "metrics": {
        "train": {
            "0": {
                "precision": 0.729315866084425,
                "recall": 0.71383387947001,
                "f1-score": 0.7214918280653754,
                "support": 35095
            },
            "1": {
                "precision": 0.6737060983137854,
                "recall": 0.6904175268029566,
                "f1-score": 0.6819594494598193,
                "support": 30034
            },
            "accuracy": 0.703035514133489,
            "macro avg": {
                "precision": 0.7015109821991052,
                "recall": 0.7021257031364834,
                "f1-score": 0.7017256387625974,
                "support": 65129
            },
            "weighted avg": {
                "precision": 0.7036716251898405,
                "recall": 0.703035514133489,
                "f1-score": 0.7032616163464902,
                "support": 65129
            },
            "roc_auc": 0.7747405061365463,
            "score": 0.7747405061365463
        },
        "val": {
            "0": {
                "precision": 0.6890158582089553,
                "recall": 0.6771716708686684,
                "f1-score": 0.6830424228412901,
                "support": 8726
            },
            "1": {
                "precision": 0.6344881276761386,
                "recall": 0.647082175466455,
                "f1-score": 0.6407232704402516,
                "support": 7557
            },
            "accuracy": 0.6632070257323589,
            "macro avg": {
                "precision": 0.6617519929425469,
                "recall": 0.6621269231675617,
                "f1-score": 0.6618828466407709,
                "support": 16283
            },
            "weighted avg": {
                "precision": 0.6637093385481743,
                "recall": 0.6632070257323589,
                "f1-score": 0.663401949053005,
                "support": 16283
            },
            "roc_auc": 0.7250774319920685,
            "score": 0.7250774319920685
        },
        "test": {
            "0": {
                "precision": 0.6924709355969736,
                "recall": 0.6796160463642126,
                "f1-score": 0.685983273159362,
                "support": 11043
            },
            "1": {
                "precision": 0.6282051282051282,
                "recall": 0.6420363011491784,
                "f1-score": 0.6350454135018856,
                "support": 9311
            },
            "accuracy": 0.6624250761521077,
            "macro avg": {
                "precision": 0.6603380319010509,
                "recall": 0.6608261737566955,
                "f1-score": 0.6605143433306238,
                "support": 20354
            },
            "weighted avg": {
                "precision": 0.6630723440363235,
                "recall": 0.6624250761521077,
                "f1-score": 0.6626815923462166,
                "support": 20354
            },
            "roc_auc": 0.7242958864204234,
            "score": 0.7242958864204234
        }
    },
    "time": "0:04:18"
}
