{
    "dataset": "broken_machine",
    "algorithm": "ft_transformer",
    "config": {
        "data": {
            "cat_policy": "indices",
            "normalization": "quantile",
            "path": "data/broken_machine"
        },
        "model": {
            "activation": "reglu",
            "attention_dropout": 0.4178066644252025,
            "d_ffn_factor": 1.333333333333333,
            "d_token": 432,
            "ffn_dropout": 0.06337002372307488,
            "initialization": "kaiming",
            "n_heads": 8,
            "n_layers": 3,
            "prenormalization": true,
            "residual_dropout": 0.0
        },
        "seed": 9,
        "training": {
            "batch_size": 1024,
            "eval_batch_size": 8192,
            "lr": 7.523375809438358e-05,
            "n_epochs": 1000000000,
            "optimizer": "adamw",
            "patience": 16,
            "weight_decay": 0.0002871929965055266
        }
    },
    "environment": {
        "devices": {
            "CUDA_VISIBLE_DEVICES": "1,2,3",
            "torch.version.cuda": "10.1",
            "torch.backends.cudnn.version()": 7603,
            "torch.cuda.nccl.version()": 2708,
            "driver": "455.32.00",
            "1": {
                "name": "Tesla V100-PCIE-16GB",
                "total_memory": 16945512448
            },
            "2": {
                "name": "Tesla V100-PCIE-16GB",
                "total_memory": 16945512448
            },
            "3": {
                "name": "Tesla V100-PCIE-16GB",
                "total_memory": 16945512448
            }
        }
    },
    "epoch_size": 563,
    "n_parameters": 4541179,
    "best_epoch": 88,
    "metrics": {
        "train": {
            "0": {
                "precision": 0.7422485999003867,
                "recall": 0.9777773325787209,
                "f1-score": 0.8438871093935739,
                "support": 399322
            },
            "1": {
                "precision": 0.8223992314774047,
                "recall": 0.2325813061048914,
                "f1-score": 0.36261273186142146,
                "support": 176678
            },
            "accuracy": 0.7492013888888889,
            "macro avg": {
                "precision": 0.7823239156888957,
                "recall": 0.6051793193418061,
                "f1-score": 0.6032499206274977,
                "support": 576000
            },
            "weighted avg": {
                "precision": 0.7668334146326166,
                "recall": 0.7492013888888889,
                "f1-score": 0.6962645495435295,
                "support": 576000
            },
            "roc_auc": 0.6975454461645025,
            "score": 0.6975454461645025
        },
        "val": {
            "0": {
                "precision": 0.7404702678442381,
                "recall": 0.975057597916458,
                "f1-score": 0.8417247834941004,
                "support": 99830
            },
            "1": {
                "precision": 0.8014828988280316,
                "recall": 0.2275979171383292,
                "f1-score": 0.35452189092447944,
                "support": 44170
            },
            "accuracy": 0.7457847222222223,
            "macro avg": {
                "precision": 0.7709765833361348,
                "recall": 0.6013277575273935,
                "f1-score": 0.5981233372092899,
                "support": 144000
            },
            "weighted avg": {
                "precision": 0.7591850450008641,
                "recall": 0.7457847222222223,
                "f1-score": 0.6922820629052105,
                "support": 144000
            },
            "roc_auc": 0.6881570101139336,
            "score": 0.6881570101139336
        },
        "test": {
            "0": {
                "precision": 0.7405362008563643,
                "recall": 0.975702791935122,
                "f1-score": 0.8420077177355776,
                "support": 124788
            },
            "1": {
                "precision": 0.805441478439425,
                "recall": 0.22734188219952184,
                "f1-score": 0.3545963048759817,
                "support": 55212
            },
            "accuracy": 0.7461555555555556,
            "macro avg": {
                "precision": 0.7729888396478947,
                "recall": 0.6015223370673219,
                "f1-score": 0.5983020113057796,
                "support": 180000
            },
            "weighted avg": {
                "precision": 0.7604448130003417,
                "recall": 0.7461555555555556,
                "f1-score": 0.6925023903644443,
                "support": 180000
            },
            "roc_auc": 0.6886116639083959,
            "score": 0.6886116639083959
        }
    },
    "time": "1:25:54"
}
