{
    "dataset": "vehicleNorm",
    "algorithm": "ft_transformer",
    "config": {
        "data": {
            "cat_policy": "indices",
            "normalization": "quantile",
            "path": "data/vehicleNorm"
        },
        "model": {
            "activation": "reglu",
            "attention_dropout": 0.4196916057583969,
            "d_ffn_factor": 2.509054785477425,
            "d_token": 144,
            "ffn_dropout": 0.1764610276920801,
            "initialization": "kaiming",
            "n_heads": 8,
            "n_layers": 2,
            "prenormalization": true,
            "residual_dropout": 0.0
        },
        "seed": 8,
        "training": {
            "batch_size": 256,
            "eval_batch_size": 8192,
            "lr": 3.201968805382119e-05,
            "n_epochs": 1000000000,
            "optimizer": "adamw",
            "patience": 16,
            "weight_decay": 1.183332535426216e-05
        }
    },
    "environment": {
        "devices": {
            "CUDA_VISIBLE_DEVICES": "1,0,3",
            "torch.version.cuda": "10.1",
            "torch.backends.cudnn.version()": 7603,
            "torch.cuda.nccl.version()": 2708,
            "driver": "455.32.00",
            "1": {
                "name": "Tesla V100-PCIE-16GB",
                "total_memory": 16945512448
            },
            "0": {
                "name": "Tesla V100-PCIE-16GB",
                "total_memory": 16945512448
            },
            "3": {
                "name": "Tesla V100-PCIE-16GB",
                "total_memory": 16945512448
            }
        }
    },
    "epoch_size": 235,
    "n_parameters": 510917,
    "best_epoch": 87,
    "metrics": {
        "train": {
            "0": {
                "precision": 0.8491203925323121,
                "recall": 0.9460333333333333,
                "f1-score": 0.8949608980827447,
                "support": 30000
            },
            "1": {
                "precision": 0.939080373269115,
                "recall": 0.8319,
                "f1-score": 0.8822468891402715,
                "support": 30000
            },
            "accuracy": 0.8889666666666667,
            "macro avg": {
                "precision": 0.8941003829007135,
                "recall": 0.8889666666666667,
                "f1-score": 0.8886038936115082,
                "support": 60000
            },
            "weighted avg": {
                "precision": 0.8941003829007135,
                "recall": 0.8889666666666667,
                "f1-score": 0.8886038936115082,
                "support": 60000
            },
            "roc_auc": 0.937078525,
            "score": 0.937078525
        },
        "val": {
            "0": {
                "precision": 0.8450800468566966,
                "recall": 0.9344775474956822,
                "f1-score": 0.8875333196637276,
                "support": 9264
            },
            "1": {
                "precision": 0.9267262192177692,
                "recall": 0.8286917098445595,
                "f1-score": 0.8749715067244129,
                "support": 9264
            },
            "accuracy": 0.8815846286701209,
            "macro avg": {
                "precision": 0.8859031330372329,
                "recall": 0.8815846286701209,
                "f1-score": 0.8812524131940702,
                "support": 18528
            },
            "weighted avg": {
                "precision": 0.885903133037233,
                "recall": 0.8815846286701209,
                "f1-score": 0.8812524131940703,
                "support": 18528
            },
            "roc_auc": 0.9276255039285172,
            "score": 0.9276255039285172
        },
        "test": {
            "0": {
                "precision": 0.8375246991198132,
                "recall": 0.9325,
                "f1-score": 0.882464275574903,
                "support": 10000
            },
            "1": {
                "precision": 0.9238664561245207,
                "recall": 0.8191,
                "f1-score": 0.8683345701261529,
                "support": 10000
            },
            "accuracy": 0.8758,
            "macro avg": {
                "precision": 0.880695577622167,
                "recall": 0.8758,
                "f1-score": 0.875399422850528,
                "support": 20000
            },
            "weighted avg": {
                "precision": 0.8806955776221668,
                "recall": 0.8758,
                "f1-score": 0.8753994228505279,
                "support": 20000
            },
            "roc_auc": 0.9279826999999999,
            "score": 0.9279826999999999
        }
    },
    "time": "0:19:03"
}
