{
    "config": {
        "data": {
            "cat_policy": "indices",
            "path": "data/diabetes",
            "y_policy": "mean_std"
        },
        "fit": {
            "early_stopping_rounds": 50,
            "verbose": true
        },
        "model": {
            "colsample_bytree": 0.5130428674839884,
            "learning_rate": 0.01062543325750261,
            "min_child_samples": 85,
            "min_child_weight": 0.004890204977307022,
            "n_estimators": 2000,
            "n_jobs": 20,
            "num_leaves": 91,
            "reg_lambda": 0.0,
            "subsample": 0.7783051627297967
        },
        "seed": 2
    },
    "environment": {
        "devices": {
            "CUDA_VISIBLE_DEVICES": "2,3",
            "torch.version.cuda": "10.1",
            "torch.backends.cudnn.version()": 7603,
            "torch.cuda.nccl.version()": 2708,
            "driver": "455.32.00",
            "2": {
                "name": "Tesla V100-PCIE-16GB",
                "total_memory": 16945512448
            },
            "3": {
                "name": "Tesla V100-PCIE-16GB",
                "total_memory": 16945512448
            }
        }
    },
    "dataset": "diabetes",
    "algorithm": "lightgbm_",
    "metrics": {
        "train": {
            "0": {
                "precision": 0.7152752834932526,
                "recall": 0.7944151588545377,
                "f1-score": 0.7527709151782701,
                "support": 35095
            },
            "1": {
                "precision": 0.7241023287828381,
                "recall": 0.6304854498235334,
                "f1-score": 0.6740589125211356,
                "support": 30034
            },
            "accuracy": 0.7188195734618987,
            "macro avg": {
                "precision": 0.7196888061380453,
                "recall": 0.7124503043390356,
                "f1-score": 0.7134149138497028,
                "support": 65129
            },
            "weighted avg": {
                "precision": 0.7193458431245598,
                "recall": 0.7188195734618987,
                "f1-score": 0.7164731632121049,
                "support": 65129
            },
            "roc_auc": 0.7938289238857879,
            "score": 0.7938289238857879
        },
        "val": {
            "0": {
                "precision": 0.6690515126737531,
                "recall": 0.75017190006876,
                "f1-score": 0.7072933549432738,
                "support": 8726
            },
            "1": {
                "precision": 0.6645637790429297,
                "recall": 0.5715230911737462,
                "f1-score": 0.6145418326693228,
                "support": 7557
            },
            "accuracy": 0.6672603328624946,
            "macro avg": {
                "precision": 0.6668076458583414,
                "recall": 0.6608474956212531,
                "f1-score": 0.6609175938062983,
                "support": 16283
            },
            "weighted avg": {
                "precision": 0.6669687390418589,
                "recall": 0.6672603328624946,
                "f1-score": 0.6642470333917018,
                "support": 16283
            },
            "roc_auc": 0.7302963062511147,
            "score": 0.7302963062511147
        },
        "test": {
            "0": {
                "precision": 0.6759454633987989,
                "recall": 0.754233451054967,
                "f1-score": 0.7129467151722663,
                "support": 11043
            },
            "1": {
                "precision": 0.662101593625498,
                "recall": 0.5711524003866395,
                "f1-score": 0.613273366776221,
                "support": 9311
            },
            "accuracy": 0.6704824604500343,
            "macro avg": {
                "precision": 0.6690235285121484,
                "recall": 0.6626929257208032,
                "f1-score": 0.6631100409742436,
                "support": 20354
            },
            "weighted avg": {
                "precision": 0.6696125425252997,
                "recall": 0.6704824604500343,
                "f1-score": 0.6673508349071795,
                "support": 20354
            },
            "roc_auc": 0.7313488898849853,
            "score": 0.7313488898849853
        }
    },
    "time": "0:00:24"
}
