{
    "dataset": "vehicleNorm",
    "algorithm": "ft_transformer",
    "config": {
        "data": {
            "cat_policy": "indices",
            "normalization": "quantile",
            "path": "data/vehicleNorm"
        },
        "model": {
            "activation": "reglu",
            "attention_dropout": 0.4196916057583969,
            "d_ffn_factor": 2.509054785477425,
            "d_token": 144,
            "ffn_dropout": 0.1764610276920801,
            "initialization": "kaiming",
            "n_heads": 8,
            "n_layers": 2,
            "prenormalization": true,
            "residual_dropout": 0.0
        },
        "seed": 1,
        "training": {
            "batch_size": 256,
            "eval_batch_size": 8192,
            "lr": 3.201968805382119e-05,
            "n_epochs": 1000000000,
            "optimizer": "adamw",
            "patience": 16,
            "weight_decay": 1.183332535426216e-05
        }
    },
    "environment": {
        "devices": {
            "CUDA_VISIBLE_DEVICES": "1,0,3",
            "torch.version.cuda": "10.1",
            "torch.backends.cudnn.version()": 7603,
            "torch.cuda.nccl.version()": 2708,
            "driver": "455.32.00",
            "1": {
                "name": "Tesla V100-PCIE-16GB",
                "total_memory": 16945512448
            },
            "0": {
                "name": "Tesla V100-PCIE-16GB",
                "total_memory": 16945512448
            },
            "3": {
                "name": "Tesla V100-PCIE-16GB",
                "total_memory": 16945512448
            }
        }
    },
    "epoch_size": 235,
    "n_parameters": 510917,
    "best_epoch": 71,
    "metrics": {
        "train": {
            "0": {
                "precision": 0.8514233797698365,
                "recall": 0.9371333333333334,
                "f1-score": 0.8922246905744209,
                "support": 30000
            },
            "1": {
                "precision": 0.9300963676797628,
                "recall": 0.8364666666666667,
                "f1-score": 0.8808002808002809,
                "support": 30000
            },
            "accuracy": 0.8868,
            "macro avg": {
                "precision": 0.8907598737247997,
                "recall": 0.8868,
                "f1-score": 0.886512485687351,
                "support": 60000
            },
            "weighted avg": {
                "precision": 0.8907598737247996,
                "recall": 0.8868,
                "f1-score": 0.886512485687351,
                "support": 60000
            },
            "roc_auc": 0.9362340866666667,
            "score": 0.9362340866666667
        },
        "val": {
            "0": {
                "precision": 0.8492879746835443,
                "recall": 0.9270293609671848,
                "f1-score": 0.8864574731626754,
                "support": 9264
            },
            "1": {
                "precision": 0.9196768060836502,
                "recall": 0.8354922279792746,
                "f1-score": 0.8755656108597285,
                "support": 9264
            },
            "accuracy": 0.8812607944732297,
            "macro avg": {
                "precision": 0.8844823903835972,
                "recall": 0.8812607944732297,
                "f1-score": 0.8810115420112019,
                "support": 18528
            },
            "weighted avg": {
                "precision": 0.8844823903835972,
                "recall": 0.8812607944732297,
                "f1-score": 0.881011542011202,
                "support": 18528
            },
            "roc_auc": 0.9274524183255479,
            "score": 0.9274524183255479
        },
        "test": {
            "0": {
                "precision": 0.843274747290775,
                "recall": 0.926,
                "f1-score": 0.8827033983127591,
                "support": 10000
            },
            "1": {
                "precision": 0.9179509923494844,
                "recall": 0.8279,
                "f1-score": 0.870603081129397,
                "support": 10000
            },
            "accuracy": 0.87695,
            "macro avg": {
                "precision": 0.8806128698201297,
                "recall": 0.87695,
                "f1-score": 0.876653239721078,
                "support": 20000
            },
            "weighted avg": {
                "precision": 0.8806128698201298,
                "recall": 0.87695,
                "f1-score": 0.876653239721078,
                "support": 20000
            },
            "roc_auc": 0.9278555949999999,
            "score": 0.9278555949999999
        }
    },
    "time": "0:08:56"
}
