{
    "config": {
        "data": {
            "cat_policy": "indices",
            "path": "data/broken_machine",
            "y_policy": "mean_std"
        },
        "fit": {
            "early_stopping_rounds": 50,
            "verbose": true
        },
        "model": {
            "colsample_bytree": 0.9693425391673653,
            "learning_rate": 0.09440740156408886,
            "min_child_samples": 95,
            "min_child_weight": 0.03398774230105511,
            "n_estimators": 2000,
            "n_jobs": 10,
            "num_leaves": 92,
            "reg_lambda": 0.0,
            "subsample": 0.6214078432303646
        },
        "seed": 9
    },
    "environment": {
        "devices": {
            "CUDA_VISIBLE_DEVICES": "1,0,3",
            "torch.version.cuda": "10.1",
            "torch.backends.cudnn.version()": 7603,
            "torch.cuda.nccl.version()": 2708,
            "driver": "455.32.00",
            "1": {
                "name": "Tesla V100-PCIE-16GB",
                "total_memory": 16945512448
            },
            "0": {
                "name": "Tesla V100-PCIE-16GB",
                "total_memory": 16945512448
            },
            "3": {
                "name": "Tesla V100-PCIE-16GB",
                "total_memory": 16945512448
            }
        }
    },
    "dataset": "broken_machine",
    "algorithm": "lightgbm_",
    "metrics": {
        "train": {
            "0": {
                "precision": 0.7660523216008618,
                "recall": 0.9722880282078122,
                "f1-score": 0.8569363316628943,
                "support": 399322
            },
            "1": {
                "precision": 0.8400242869327628,
                "recall": 0.328886448793851,
                "f1-score": 0.47270094488124925,
                "support": 176678
            },
            "accuracy": 0.7749357638888889,
            "macro avg": {
                "precision": 0.8030383042668123,
                "recall": 0.6505872385008316,
                "f1-score": 0.6648186382720718,
                "support": 576000
            },
            "weighted avg": {
                "precision": 0.7887419377309132,
                "recall": 0.7749357638888889,
                "f1-score": 0.7390787975208674,
                "support": 576000
            },
            "roc_auc": 0.8653919897526094,
            "score": 0.8653919897526094
        },
        "val": {
            "0": {
                "precision": 0.7524982351556985,
                "recall": 0.960993689271762,
                "f1-score": 0.8440612352630652,
                "support": 99830
            },
            "1": {
                "precision": 0.7641429436705027,
                "recall": 0.2856237265112067,
                "f1-score": 0.41582069874752803,
                "support": 44170
            },
            "accuracy": 0.7538333333333334,
            "macro avg": {
                "precision": 0.7583205894131007,
                "recall": 0.6233087078914843,
                "f1-score": 0.6299409670052967,
                "support": 144000
            },
            "weighted avg": {
                "precision": 0.756070087760552,
                "recall": 0.7538333333333334,
                "f1-score": 0.7127043984721535,
                "support": 144000
            },
            "roc_auc": 0.7503739778497343,
            "score": 0.7503739778497343
        },
        "test": {
            "0": {
                "precision": 0.7533852531089059,
                "recall": 0.9612623008622624,
                "f1-score": 0.84472268386806,
                "support": 124788
            },
            "1": {
                "precision": 0.7673724735322426,
                "recall": 0.28881402593639066,
                "f1-score": 0.4196757553426677,
                "support": 55212
            },
            "accuracy": 0.755,
            "macro avg": {
                "precision": 0.7603788633205742,
                "recall": 0.6250381633993265,
                "f1-score": 0.6321992196053638,
                "support": 180000
            },
            "weighted avg": {
                "precision": 0.7576755998534241,
                "recall": 0.755,
                "f1-score": 0.7143466226583713,
                "support": 180000
            },
            "roc_auc": 0.7503096214013134,
            "score": 0.7503096214013134
        }
    },
    "time": "0:00:24"
}
