{
    "dataset": "broken_machine",
    "algorithm": "ft_transformer",
    "config": {
        "data": {
            "cat_policy": "indices",
            "normalization": "quantile",
            "path": "data/broken_machine"
        },
        "model": {
            "activation": "reglu",
            "attention_dropout": 0.4178066644252025,
            "d_ffn_factor": 1.333333333333333,
            "d_token": 432,
            "ffn_dropout": 0.06337002372307488,
            "initialization": "kaiming",
            "n_heads": 8,
            "n_layers": 3,
            "prenormalization": true,
            "residual_dropout": 0.0
        },
        "seed": 5,
        "training": {
            "batch_size": 1024,
            "eval_batch_size": 8192,
            "lr": 7.523375809438358e-05,
            "n_epochs": 1000000000,
            "optimizer": "adamw",
            "patience": 16,
            "weight_decay": 0.0002871929965055266
        }
    },
    "environment": {
        "devices": {
            "CUDA_VISIBLE_DEVICES": "1,2,3",
            "torch.version.cuda": "10.1",
            "torch.backends.cudnn.version()": 7603,
            "torch.cuda.nccl.version()": 2708,
            "driver": "455.32.00",
            "1": {
                "name": "Tesla V100-PCIE-16GB",
                "total_memory": 16945512448
            },
            "2": {
                "name": "Tesla V100-PCIE-16GB",
                "total_memory": 16945512448
            },
            "3": {
                "name": "Tesla V100-PCIE-16GB",
                "total_memory": 16945512448
            }
        }
    },
    "epoch_size": 563,
    "n_parameters": 4541179,
    "best_epoch": 86,
    "metrics": {
        "train": {
            "0": {
                "precision": 0.7911813784866633,
                "recall": 0.9356308943659503,
                "f1-score": 0.8573644656072514,
                "support": 399322
            },
            "1": {
                "precision": 0.7523031260841074,
                "recall": 0.4418659935023036,
                "f1-score": 0.5567338206453913,
                "support": 176678
            },
            "accuracy": 0.7841770833333334,
            "macro avg": {
                "precision": 0.7717422522853854,
                "recall": 0.6887484439341269,
                "f1-score": 0.7070491431263214,
                "support": 576000
            },
            "weighted avg": {
                "precision": 0.7792561495318391,
                "recall": 0.7841770833333334,
                "f1-score": 0.7651512345472314,
                "support": 576000
            },
            "roc_auc": 0.8022507939173316,
            "score": 0.8022507939173316
        },
        "val": {
            "0": {
                "precision": 0.7899327207785046,
                "recall": 0.9326555143744365,
                "f1-score": 0.8553815624468871,
                "support": 99830
            },
            "1": {
                "precision": 0.7427390655493055,
                "recall": 0.4394385329409101,
                "f1-score": 0.5521812724919278,
                "support": 44170
            },
            "accuracy": 0.7813680555555556,
            "macro avg": {
                "precision": 0.766335893163905,
                "recall": 0.6860470236576733,
                "f1-score": 0.7037814174694075,
                "support": 144000
            },
            "weighted avg": {
                "precision": 0.7754567225043815,
                "recall": 0.7813680555555556,
                "f1-score": 0.7623790846183417,
                "support": 144000
            },
            "roc_auc": 0.7971215185126465,
            "score": 0.7971215185126465
        },
        "test": {
            "0": {
                "precision": 0.7900138376383764,
                "recall": 0.9333189088694426,
                "f1-score": 0.8557080510778364,
                "support": 124788
            },
            "1": {
                "precision": 0.7445665520628684,
                "recall": 0.43930667246250815,
                "f1-score": 0.5525812183897572,
                "support": 55212
            },
            "accuracy": 0.7817888888888889,
            "macro avg": {
                "precision": 0.7672901948506223,
                "recall": 0.6863127906659754,
                "f1-score": 0.7041446347337967,
                "support": 180000
            },
            "weighted avg": {
                "precision": 0.7760736402428489,
                "recall": 0.7817888888888889,
                "f1-score": 0.7627289472646464,
                "support": 180000
            },
            "roc_auc": 0.7979238601172116,
            "score": 0.7979238601172116
        }
    },
    "time": "2:42:30"
}
